Date,Location,Army_Active_Duty,Navy_Active_Duty,Marine_Corps_Active_Duty,Air_Force_Active_Duty,Coast_Guard_Active_Duty,Army_National_Guard,Army_Reserve,Navy_Reserve,Marine_Corps_Reserve,Air_National_Guard,Air_Force_Reserve,Coast_Guard_Reserve,Army_APF_DOD_Civilian,Navy_APF_DOD_Civilian,Marine_Corps_APF_DOD_Civilian,Air_Force_APF_DOD_Civilian,Fourth_Estate_DOD
9/1/2008,ALABAMA,5321,135,257,2774,932,11043,5238,376,691,2176,1315,157,18249,61,6,2211,2123
9/1/2008,ALASKA,6825,54,8,7540,2144,1870,324,81,7,1953,200,50,2637,21,0,1704,338
9/1/2008,ARIZONA,4663,351,3493,10101,26,5201,2490,888,415,2493,1035,2,3931,147,456,3177,1052
9/1/2008,ARKANSAS,135,17,31,4367,24,5418,2031,205,174,1820,184,0,2707,5,0,898,112
9/1/2008,ARMED FORCES EUROPE,0,0,0,0,0,0,1190,0,0,0,0,0,0,0,0,0,0
9/1/2008,ARMED FORCES PACIFIC,0,0,0,0,0,0,246,164,0,0,0,31,0,0,0,0,0
9/1/2008,CALIFORNIA,6611,54844,56709,16583,5265,16214,12686,9038,4255,4389,7657,923,8121,27449,4863,9856,6051
9/1/2008,COLORADO,10508,711,269,8415,48,3474,2801,854,388,1469,2363,13,3512,56,3,5244,1798
9/1/2008,CONNECTICUT,20,5928,22,17,733,3040,1112,399,180,1076,3,111,451,1044,0,218,577
9/1/2008,DELAWARE,10,4,9,3008,31,1492,349,111,96,1018,1577,1,223,3,2,1231,68
9/1/2008,DISTRICT OF COLUMBIA,5865,2916,1272,2616,1482,1276,1544,1896,336,1148,189,123,4189,8820,50,826,769
9/1/2008,FLORIDA,3212,26723,3762,22346,4653,9631,8818,5567,1159,1984,5075,955,3378,11180,186,9278,2007
9/1/2008,GEORGIA,49618,5281,1284,8081,443,10643,8755,1916,1014,2573,2868,129,12598,2163,2376,14536,2750
9/1/2008,HAWAII,15349,12459,4088,4404,1284,2461,2669,726,35,2292,607,129,4805,8560,557,2007,973
9/1/2008,IDAHO,18,69,24,3171,3,3419,685,149,100,1451,32,0,777,50,0,660,56
9/1/2008,ILLINOIS,776,18190,297,4352,146,9557,5928,2831,1313,2884,1382,94,7915,1663,5,3407,1144
9/1/2008,INDIANA,388,87,171,84,55,9432,3236,359,565,1836,1478,7,1794,3004,2,859,3897
9/1/2008,IOWA,22,21,111,40,35,6982,2534,161,186,1977,0,6,922,5,2,495,38
9/1/2008,KANSAS,14266,397,92,2261,123,4999,2934,149,188,1976,459,32,5319,4,1,991,370
9/1/2008,KENTUCKY,20181,16,242,122,125,6535,4168,286,194,1170,3,78,6477,176,3,232,942
9/1/2008,LOUISIANA,4240,538,663,5063,1223,8664,2514,1977,1026,1517,1675,191,3645,709,110,1395,317
9/1/2008,MAINE,246,2262,29,14,522,1963,505,467,99,1125,1,92,300,5356,1,262,715
9/1/2008,MARYLAND,6727,8264,1832,7147,762,4771,4478,1984,399,1785,1773,212,12776,14577,8,2174,2155
9/1/2008,MASSACHUSETTS,155,357,208,1203,1768,6191,2978,348,721,1966,2359,506,2295,208,4,2655,892
9/1/2008,MICHIGAN,493,276,317,104,1146,7992,3025,1121,1072,2637,119,166,5622,32,6,957,1495
9/1/2008,MINNESOTA,321,185,142,76,142,10652,3220,693,207,2142,1289,33,1420,18,3,749,155
9/1/2008,MISSISSIPPI,394,6033,532,6029,424,9638,2029,806,125,2506,1599,140,3295,2302,0,2483,280
9/1/2008,MISSOURI,11339,428,1606,3297,177,7508,5136,1463,3466,2723,1152,102,6769,59,405,1218,645
9/1/2008,MONTANA,15,5,14,3088,5,2649,796,151,17,1014,37,0,567,1,0,777,46
9/1/2008,NEBRASKA,97,358,61,5134,16,3708,1550,353,181,1003,335,17,1351,10,4,1932,101
9/1/2008,NEVADA,116,914,49,7741,14,2743,629,402,209,1005,414,2,466,276,1,1232,154
9/1/2008,NEW HAMPSHIRE,6,626,130,51,341,1798,890,116,113,940,1,18,475,13,2,268,144
9/1/2008,NEW JERSEY,877,444,150,3891,2038,3423,3794,916,416,2286,2583,167,10022,1944,12,1389,687
9/1/2008,NEW MEXICO,603,74,101,7626,11,2988,674,263,74,973,156,0,2832,43,1,3185,462
9/1/2008,NEW YORK,15464,1833,847,307,1126,8339,8313,1953,1479,5913,1271,559,6898,109,28,2419,1979
9/1/2008,NORTH CAROLINA,40230,3764,41450,7235,1563,10242,6319,1212,632,1427,2019,224,7831,4293,2919,1392,2195
9/1/2008,NORTH DAKOTA,13,7,4,5872,0,3059,281,89,26,838,36,0,484,3,0,1138,78
9/1/2008,OHIO,543,351,222,4757,404,9019,5186,1427,919,5254,3764,185,1522,76,5,12115,8935
9/1/2008,OKLAHOMA,10708,1319,412,7679,55,5490,2857,608,329,1998,1689,12,4873,83,5,13942,1432
9/1/2008,OREGON,177,181,144,44,1056,6325,513,581,322,2176,99,142,2565,24,2,538,24
9/1/2008,PENNSYLVANIA,965,862,646,211,339,14134,7506,2081,1492,3999,1322,166,9594,6247,21,1143,8336
9/1/2008,RHODE ISLAND,22,2021,175,74,264,2065,339,578,102,1153,0,45,240,3562,2,167,95
9/1/2008,SOUTH CAROLINA,14520,5771,11401,7104,748,9539,4231,804,285,1206,2214,164,3336,2861,734,1767,696
9/1/2008,SOUTH DAKOTA,25,5,0,2842,0,3162,354,128,0,802,24,0,492,1,1,668,48
9/1/2008,TENNESSEE,293,1532,165,164,165,10498,3949,1373,624,3483,17,53,4247,1132,3,1096,752
9/1/2008,TEXAS,57088,5566,2082,35111,1632,18014,16340,5979,2940,3027,6668,403,24424,1337,25,14555,3651
9/1/2008,UTAH,298,38,137,3888,6,4863,2551,388,272,1425,1402,0,2319,38,2,10754,1005
9/1/2008,VERMONT,15,9,31,24,29,2658,204,46,0,971,1,18,308,3,0,253,31
9/1/2008,VIRGINIA,22641,69401,11652,11929,4327,7847,6974,5100,1058,1630,1561,617,21004,33848,3619,4511,19858
9/1/2008,WASHINGTON,26496,18957,723,5445,2033,5865,5286,2387,456,1978,2364,504,7804,14767,3,1840,900
9/1/2008,WEST VIRGINIA,241,182,121,42,74,4501,1962,126,265,2251,1,27,1110,92,0,545,12
9/1/2008,WISCONSIN,303,58,137,59,282,7539,4904,599,543,2159,1,106,1769,28,3,462,113
9/1/2008,WYOMING,7,0,1,2760,3,1765,75,64,0,1162,34,0,261,0,0,756,41
9/1/2008,UNKNOWN,2357,0,0,968,107,0,0,0,0,0,0,0,0,0,0,0,0
9/1/2008,AFGHANISTAN,14762,1358,3485,3754,0,4036,996,381,51,397,365,0,422,6,1,24,13
9/1/2008,ALBANIA,0,0,1,0,0,0,0,0,0,0,0,0,0,0,0,0,0
9/1/2008,ALGERIA,2,0,0,2,0,0,0,0,0,0,0,0,0,0,0,0,0
9/1/2008,AMERICAN SAMOA,0,72,0,0,2,0,323,1,0,0,0,1,5,0,0,0,0
9/1/2008,ANTIGUA AND BARBUDA,0,0,0,3,0,0,0,0,0,0,0,0,0,0,0,0,0
9/1/2008,ARGENTINA,5,0,2,9,0,0,0,0,0,0,0,0,3,0,0,0,0
9/1/2008,ARMENIA,2,0,0,1,0,0,0,0,0,0,0,0,0,0,0,0,0
9/1/2008,AUSTRALIA,28,0,12,59,0,0,0,0,0,0,0,0,2,5,0,6,4
9/1/2008,AUSTRIA,6,0,0,4,0,0,0,0,0,0,0,0,0,0,0,0,1
9/1/2008,AZERBAIJAN,2,2,0,3,0,0,0,0,0,0,0,0,1,0,0,0,1
9/1/2008,"BAHAMAS, THE",1,34,0,0,0,0,0,0,0,0,0,0,1,4,0,0,0
9/1/2008,BAHRAIN,27,3952,68,42,258,0,1,202,8,2,8,1,6,150,0,0,86
9/1/2008,BANGLADESH,2,0,0,0,0,0,0,0,0,0,0,0,0,0,0,0,0
9/1/2008,BARBADOS,1,0,0,1,1,0,0,0,0,0,0,0,0,0,0,0,0
9/1/2008,BELGIUM,682,106,9,472,0,0,0,1,0,0,3,0,337,1,0,10,253
9/1/2008,BELIZE,1,1,0,0,0,0,0,0,0,0,0,0,0,0,0,0,0
9/1/2008,BOLIVIA,6,0,0,3,0,0,0,0,0,0,0,0,2,0,0,1,0
9/1/2008,BOSNIA AND HERZEGOVINA,1,0,0,2,0,0,0,0,0,0,0,0,1,0,0,0,0
9/1/2008,BOTSWANA,1,0,0,1,0,0,0,0,0,0,0,0,0,0,0,0,0
9/1/2008,BRAZIL,6,6,2,5,0,0,0,0,0,0,0,0,4,1,0,1,0
9/1/2008,BRITISH ATLANTIC OCEAN TERRITORY,0,0,0,4,0,0,0,0,0,0,0,0,0,0,0,0,0
9/1/2008,BRITISH INDIAN OCEAN TERRITORY,0,283,0,39,0,0,0,1,0,0,0,0,0,2,0,0,0
9/1/2008,BULGARIA,2,2,0,6,0,0,0,0,0,0,0,0,0,0,0,1,0
9/1/2008,BURKINA FASO,0,0,0,3,0,0,0,0,0,0,0,0,0,0,0,0,0
9/1/2008,BURMA,3,0,0,1,0,0,0,0,0,0,0,0,0,0,0,0,0
9/1/2008,BURUNDI,0,0,0,1,0,0,0,0,0,0,0,0,0,0,0,0,0
9/1/2008,CAMBODIA,5,0,0,0,0,0,0,0,0,0,0,0,0,0,0,0,0
9/1/2008,CAMEROON,2,0,0,1,0,0,0,0,0,0,0,0,0,0,0,0,0
9/1/2008,CANADA,8,0,2,82,1,0,0,0,0,0,0,1,1,5,0,2,19
9/1/2008,CHAD,4,0,0,0,0,0,0,0,0,0,0,0,0,0,0,0,0
9/1/2008,CHILE,7,6,0,12,0,0,0,0,0,0,0,0,1,3,0,1,0
9/1/2008,CHINA,8,4,2,8,0,0,0,0,0,0,0,0,0,0,0,1,0
9/1/2008,COLOMBIA,70,0,4,9,5,0,0,0,0,0,0,0,18,1,0,1,0
9/1/2008,CONGO (BRAZZAVILLE),2,0,0,0,0,0,0,0,0,0,0,0,0,0,0,0,0
9/1/2008,CONGO (KINSHASA),0,0,0,1,0,0,0,0,0,0,0,0,0,0,0,0,0
9/1/2008,COSTA RICA,1,0,0,0,1,0,0,0,0,0,0,0,2,0,0,0,0
9/1/2008,COTE DIVOIRE,2,0,0,0,0,0,0,0,0,0,0,0,0,0,0,0,0
9/1/2008,CROATIA,3,2,0,1,0,0,0,0,0,0,0,0,1,0,0,0,0
9/1/2008,CUBA,325,1319,22,0,1,0,0,26,0,0,0,79,7,147,0,1,71
9/1/2008,CYPRUS,4,0,0,5,0,1,0,0,0,0,0,0,0,0,0,0,0
9/1/2008,CZECH REPUBLIC,4,0,0,2,0,0,0,0,0,0,0,0,0,0,0,0,0
9/1/2008,DENMARK,2,4,0,11,0,0,0,0,0,0,0,0,0,0,0,0,0
9/1/2008,DJIBOUTI,337,463,73,158,0,83,100,99,523,3,28,0,2,2,0,1,0
9/1/2008,DOMINICAN REPUBLIC,3,2,3,3,2,0,0,0,0,0,0,0,2,0,0,0,0
9/1/2008,ECUADOR,10,2,0,21,0,0,0,1,0,0,0,0,4,1,0,1,0
9/1/2008,EGYPT,239,21,2,31,0,56,0,0,0,0,1,0,14,11,0,16,3
9/1/2008,EL SALVADOR,9,19,0,2,0,0,0,3,0,0,0,0,3,1,0,0,0
9/1/2008,ESTONIA,1,1,0,0,0,0,0,0,0,0,0,0,0,1,0,0,0
9/1/2008,ETHIOPIA,5,0,0,2,0,0,1,0,0,0,0,0,0,0,0,0,2
9/1/2008,FIJI,0,0,1,0,0,0,0,1,0,0,0,0,0,0,0,0,0
9/1/2008,FINLAND,1,2,0,3,0,0,0,0,0,0,0,0,0,0,0,0,0
9/1/2008,FRANCE,13,11,3,18,0,0,0,0,0,0,0,0,4,2,0,3,0
9/1/2008,GABON,1,0,0,1,0,0,0,0,0,0,0,0,0,0,0,0,0
9/1/2008,GEORGIA,4,0,1,0,0,0,0,0,0,0,0,0,0,0,0,0,0
9/1/2008,GERMANY,23469,465,703,14151,3,95,37,447,4,30,311,0,6837,47,11,1020,5473
9/1/2008,GHANA,3,2,3,2,0,0,0,0,0,0,0,0,0,1,0,0,0
9/1/2008,GIBRALTAR,0,2,0,0,0,0,0,0,0,0,0,0,0,0,0,0,0
9/1/2008,GREECE,8,337,1,57,0,0,0,1,0,0,0,0,2,71,0,0,1
9/1/2008,GREENLAND,0,0,0,138,0,0,0,0,0,0,0,0,0,0,0,2,0
9/1/2008,GUAM,43,3572,4,1794,135,889,517,16,0,428,274,0,21,783,0,385,605
9/1/2008,GUATEMALA,6,0,0,1,0,0,0,0,0,0,0,0,2,1,0,0,0
9/1/2008,GUINEA,3,0,0,0,0,0,0,0,0,0,0,0,0,0,0,0,0
9/1/2008,GUYANA,1,0,0,0,0,0,0,0,0,0,0,0,0,0,0,0,0
9/1/2008,HAITI,31,0,0,0,1,0,0,0,0,0,0,0,0,0,0,0,0
9/1/2008,HONDURAS,212,3,0,197,0,0,0,0,0,0,0,0,20,0,0,0,0
9/1/2008,HONG KONG,3,12,0,3,2,0,0,0,0,0,0,0,0,0,0,0,0
9/1/2008,HUNGARY,6,0,0,5,0,0,0,0,0,0,0,0,1,0,0,0,0
9/1/2008,ICELAND,0,1,0,0,0,0,0,0,0,0,0,0,0,1,0,0,0
9/1/2008,INDIA,7,0,2,5,0,0,0,0,0,0,0,0,0,0,0,0,0
9/1/2008,INDONESIA,12,0,1,4,0,0,0,0,0,0,0,0,0,1,0,0,0
9/1/2008,IRAN,1,0,0,0,0,0,0,0,0,0,0,0,1,0,0,0,0
9/1/2008,IRAQ,76457,4159,20192,9980,5,14130,5209,1491,2357,1238,1066,1,1955,48,9,114,34
9/1/2008,IRELAND,1,0,0,0,0,0,0,0,0,0,0,0,0,0,0,0,0
9/1/2008,ISRAEL,5,6,3,13,0,0,0,0,0,0,0,0,6,1,0,0,6
9/1/2008,ITALY,4397,3789,24,3596,2,0,0,63,0,0,30,0,446,775,0,170,809
9/1/2008,JAMAICA,1,2,0,0,3,0,0,0,0,0,0,0,2,0,0,0,0
9/1/2008,JAPAN,2497,18594,9886,11519,25,0,0,31,9,0,49,0,621,1436,622,774,3200
9/1/2008,JORDAN,18,14,2,15,0,1,1,0,1,2,1,0,3,1,0,2,0
9/1/2008,KAZAKHSTAN,6,0,0,1,0,0,0,0,0,1,0,0,0,0,0,0,1
9/1/2008,KENYA,14,1,1,7,0,0,0,0,0,0,0,0,3,0,0,0,0
9/1/2008,"KOREA, SOUTH",17551,0,83,8137,1,0,0,0,0,0,41,0,1719,23,2,145,837
9/1/2008,KOSOVO,0,1,0,0,0,1,0,0,0,0,0,0,0,0,0,0,0
9/1/2008,KUWAIT,32742,2316,5322,1905,6,8826,4656,1174,856,211,55,123,645,72,1,17,71
9/1/2008,KYRGYZSTAN,121,1,9,527,0,25,1,0,0,357,16,0,1,0,0,3,0
9/1/2008,LAOS,1,0,0,2,0,0,0,0,0,0,0,0,0,2,0,0,0
9/1/2008,LATVIA,0,0,1,0,0,0,0,0,0,0,0,0,0,0,0,0,0
9/1/2008,LEBANON,2,0,0,0,0,0,0,0,0,0,0,0,0,0,0,0,0
9/1/2008,LIBERIA,5,1,0,2,0,0,0,0,0,0,0,0,0,0,0,0,0
9/1/2008,LITHUANIA,2,2,0,0,0,0,0,0,0,0,0,0,0,0,0,0,0
9/1/2008,LUXEMBOURG,0,0,0,0,0,0,0,0,0,0,0,0,16,0,0,0,0
9/1/2008,MACEDONIA,2,0,0,2,0,0,0,0,0,0,0,0,0,0,0,0,0
9/1/2008,MADAGASCAR,0,0,0,1,0,0,0,0,0,0,0,0,0,0,0,0,0
9/1/2008,MALAYSIA,3,2,0,3,0,0,0,0,0,0,0,0,0,0,0,0,0
9/1/2008,MALI,2,0,0,1,0,0,0,0,0,0,0,0,0,0,0,0,0
9/1/2008,MALTA,1,0,0,2,1,0,0,0,0,0,0,0,0,1,0,0,0
9/1/2008,MARSHALL ISLANDS,14,0,0,0,0,0,0,0,0,0,0,0,48,0,0,0,0
9/1/2008,MAURITANIA,0,0,0,1,0,0,0,0,0,0,0,0,0,0,0,0,0
9/1/2008,MEXICO,7,4,0,5,2,0,0,0,0,0,0,0,3,0,0,4,0
9/1/2008,MOLDOVA,1,0,0,0,0,0,0,0,0,0,0,0,0,0,0,0,0
9/1/2008,MONGOLIA,2,0,0,1,0,0,0,0,0,0,0,0,0,0,0,0,0
9/1/2008,MONTENEGRO,0,0,0,0,0,0,0,0,0,0,0,0,0,0,0,0,2
9/1/2008,MONTENEGRO (1992 - 2001),0,0,0,0,0,0,0,0,0,0,0,1,0,0,0,0,0
9/1/2008,MOROCCO,2,0,6,3,0,0,0,0,0,0,0,0,1,1,0,0,0
9/1/2008,MOZAMBIQUE,0,0,0,1,0,0,0,0,0,0,0,0,0,0,0,0,0
9/1/2008,NEPAL,2,0,0,0,0,0,0,0,0,0,0,0,0,0,0,0,0
9/1/2008,NETHERLANDS,258,30,5,253,31,0,0,0,0,2,1,0,119,0,0,2,127
9/1/2008,NETHERLANDS ANTILLES (1991 - 2010),0,0,0,8,1,0,0,0,0,0,0,0,0,1,0,1,0
9/1/2008,NEW ZEALAND,2,3,0,1,0,0,0,0,0,0,0,0,0,0,0,1,2
9/1/2008,NICARAGUA,8,0,1,1,0,0,0,0,0,0,0,0,8,0,1,2,0
9/1/2008,NIGER,1,0,0,0,0,0,0,0,0,0,0,0,0,0,0,0,0
9/1/2008,NIGERIA,3,0,0,3,0,0,0,0,0,0,0,0,0,0,0,0,0
9/1/2008,NORTHERN MARIANA ISLANDS,0,0,0,0,3,0,0,0,0,0,0,0,0,0,0,0,0
9/1/2008,NORWAY,21,10,7,37,1,0,0,1,0,0,0,0,2,1,0,2,0
9/1/2008,OMAN,3,21,3,24,0,0,0,1,0,0,0,0,0,0,0,1,0
9/1/2008,PAKISTAN,40,8,3,34,0,1,2,1,0,1,1,0,1,0,0,1,0
9/1/2008,PALAU,0,0,0,0,0,0,0,0,0,0,0,0,1,0,0,0,0
9/1/2008,PANAMA (1980 - PRESENT),5,5,0,0,1,0,0,0,0,0,0,0,5,1,0,1,0
9/1/2008,PARAGUAY,4,0,0,1,0,0,0,0,0,0,0,0,1,0,0,0,0
9/1/2008,PERU,12,14,3,4,0,0,0,0,0,0,0,0,5,0,0,0,0
9/1/2008,PHILIPPINES,263,4084,10,78,0,3,3,29,0,2,0,0,0,7,0,2,0
9/1/2008,POLAND,11,2,2,15,0,0,0,0,0,1,0,0,2,0,0,2,0
9/1/2008,PORTUGAL,24,44,2,715,0,0,0,0,0,0,2,0,1,3,0,62,72
9/1/2008,PUERTO RICO,44,30,10,26,481,6919,3958,343,0,1182,3,46,1173,80,0,279,690
9/1/2008,QATAR,809,500,25,5092,0,13,107,20,4,310,193,0,53,1,1,42,7
9/1/2008,ROMANIA,3,1,0,9,0,0,0,0,0,0,0,0,3,0,0,1,0
9/1/2008,RUSSIA,17,2,0,8,0,0,0,0,0,0,1,0,0,0,0,0,4
9/1/2008,SAUDI ARABIA,149,27,12,159,0,0,0,0,0,176,5,0,160,1,0,7,10
9/1/2008,SENEGAL,1,1,0,0,0,0,0,0,0,0,0,0,0,0,0,0,1
9/1/2008,SERBIA (1992 - 2004),0,0,0,0,0,0,0,0,0,0,0,0,3,0,0,0,0
9/1/2008,SERBIA (2006 - 2008),13,0,0,0,0,0,0,0,0,0,0,0,0,0,0,0,0
9/1/2008,SEYCHELLES,0,0,0,0,0,0,0,0,0,0,0,0,0,1,0,0,0
9/1/2008,SIERRA LEONE,1,0,0,2,0,0,0,0,0,0,0,0,0,0,0,0,0
9/1/2008,SINGAPORE,9,120,70,14,0,0,0,1,0,0,0,0,0,88,0,0,17
9/1/2008,SLOVAKIA,1,0,0,3,0,0,0,0,0,0,0,0,0,0,0,0,0
9/1/2008,SLOVENIA,0,0,0,2,0,0,0,0,0,0,0,0,0,0,0,0,0
9/1/2008,SOMALIA,1,528,0,0,0,0,0,5,0,0,0,0,0,0,0,0,0
9/1/2008,SOUTH AFRICA,4,1,95,3,0,0,0,0,0,0,0,0,0,0,0,1,0
9/1/2008,SPAIN,87,836,40,345,0,0,0,1,0,9,5,0,4,202,0,11,121
9/1/2008,SRI LANKA,1,0,0,1,0,0,0,0,0,0,0,0,0,0,0,0,0
9/1/2008,SUDAN,2,0,0,1,0,0,0,0,0,0,0,0,0,0,0,0,0
9/1/2008,SURINAME,1,1,0,0,0,0,0,0,0,0,0,0,0,0,0,0,0
9/1/2008,SWEDEN,1,1,0,4,1,0,0,0,0,0,0,0,0,0,0,0,0
9/1/2008,SWITZERLAND,1,2,0,5,0,0,0,0,0,0,0,0,0,1,0,0,0
9/1/2008,SYRIA,3,0,0,0,0,0,0,0,0,0,0,0,0,0,0,0,0
9/1/2008,TAIWAN,0,3,0,4,0,0,0,0,0,0,0,0,0,0,0,0,4
9/1/2008,TAJIKISTAN,4,1,0,2,0,0,0,0,0,0,0,0,0,0,0,0,0
9/1/2008,TANZANIA,2,1,0,0,0,0,0,0,0,0,0,0,1,0,0,0,0
9/1/2008,THAILAND,44,9,140,26,0,0,0,0,0,0,0,0,1,4,0,1,0
9/1/2008,TUNISIA,5,3,0,2,0,0,0,0,0,0,0,0,1,0,0,0,0
9/1/2008,TURKEY,55,10,2,1707,0,0,0,0,0,11,139,0,8,1,0,108,126
9/1/2008,TURKMENISTAN,0,0,0,10,0,0,0,0,0,1,0,0,0,0,0,0,0
9/1/2008,UGANDA,3,1,0,1,0,0,0,0,0,0,0,0,0,0,0,0,0
9/1/2008,UKRAINE,5,1,0,4,0,0,0,0,0,0,0,0,0,0,0,0,1
9/1/2008,UNION OF SOVIET SOCIALIST REPUBLICS,0,0,3,0,0,0,0,0,0,0,0,0,0,0,0,0,0
9/1/2008,UNITED ARAB EMIRATES,2,14,139,1400,0,0,0,0,0,65,12,0,4,6,0,10,5
9/1/2008,UNITED KINGDOM,315,489,69,8169,0,0,0,5,0,8,50,0,171,46,0,539,876
9/1/2008,URUGUAY,4,2,0,2,0,0,0,0,0,0,0,0,0,0,0,0,0
9/1/2008,UZBEKISTAN,2,0,1,1,0,1,0,0,0,1,0,0,0,0,0,0,1
9/1/2008,VENEZUELA,2,2,0,3,1,0,0,0,0,0,0,0,1,0,0,0,0
9/1/2008,VIETNAM,5,0,2,1,0,0,0,0,0,0,0,0,0,3,0,0,0
9/1/2008,"VIRGIN ISLANDS, U.S.",1,2,0,1,27,756,0,0,0,64,0,5,114,0,0,0,0
9/1/2008,WAKE ISLAND,0,0,0,2,0,0,0,0,0,0,0,0,0,0,0,0,0
9/1/2008,YEMEN,9,0,0,1,0,0,0,1,0,0,0,0,0,0,0,2,0
9/1/2008,ZAMBIA,1,0,0,2,0,0,0,0,0,0,0,0,0,0,0,0,0
9/1/2008,ZIMBABWE,3,0,0,0,0,0,0,0,0,0,0,0,0,0,0,0,0
9/1/2008,UNKNOWN,1316,18093,9511,586,4,2216,1012,1050,2546,1018,498,0,278,3,0,191,0
9/1/2009,ALABAMA,6042,219,222,2971,1003,9614,5650,577,635,1988,1298,154,18958,83,4,2318,2505
9/1/2009,ALASKA,8987,88,8,7290,2172,1646,439,84,38,2012,250,48,2857,22,0,1830,341
9/1/2009,ARIZONA,5011,358,3584,10167,26,4750,3142,881,520,2449,1222,1,4067,146,479,3247,1081
9/1/2009,ARKANSAS,41,16,105,4611,27,8040,2061,192,160,1870,144,0,2930,8,0,919,117
9/1/2009,ARMED FORCES EUROPE,0,0,0,0,0,0,1119,0,0,0,0,0,0,0,0,0,0
9/1/2009,ARMED FORCES PACIFIC,0,0,0,0,0,0,236,143,0,0,0,30,0,0,0,0,0
9/1/2009,CALIFORNIA,6775,55170,65600,16516,5456,14866,13596,9169,4347,4488,7700,928,9044,29004,5447,10445,6562
9/1/2009,COLORADO,18953,675,276,8290,44,3272,3359,856,387,1485,2507,15,4010,61,3,5544,1608
9/1/2009,CONNECTICUT,27,5318,22,20,750,2979,1181,434,183,1082,5,111,497,1107,0,228,627
9/1/2009,DELAWARE,9,4,13,3193,31,1254,337,108,144,997,1607,9,228,2,2,1207,80
9/1/2009,DISTRICT OF COLUMBIA,4688,2885,1284,2604,1508,1178,1419,1758,356,1156,234,123,4584,9384,56,839,912
9/1/2009,FLORIDA,3462,27279,4109,20553,4809,8998,9447,5508,1172,2012,5636,1005,3878,11572,225,10165,2197
9/1/2009,GEORGIA,54057,5184,1298,8393,480,8362,9107,1441,1015,2686,2970,108,13646,2127,2496,14926,2855
9/1/2009,HAWAII,14158,13411,4202,4339,1363,2745,2446,793,78,2271,547,122,5212,8829,643,2106,1038
9/1/2009,IDAHO,17,55,28,3788,5,3436,672,159,103,1434,21,0,852,52,0,658,57
9/1/2009,ILLINOIS,717,16850,277,4369,149,9336,6161,2823,1167,2840,1379,76,8465,1801,5,3597,1222
9/1/2009,INDIANA,415,90,157,66,54,11247,3379,416,586,1762,1471,9,2084,3192,4,861,4314
9/1/2009,IOWA,29,16,104,34,35,6909,2322,145,158,1963,0,4,1009,6,1,498,43
9/1/2009,KANSAS,15167,402,80,2651,120,4855,2902,147,174,1862,507,26,5911,4,1,1052,387
9/1/2009,KENTUCKY,35881,18,243,188,141,6923,4196,245,240,1126,3,71,8094,162,4,240,887
9/1/2009,LOUISIANA,8604,514,749,5184,1307,8963,2462,1746,1052,1540,1679,205,3873,634,126,1424,333
9/1/2009,MAINE,236,980,30,9,521,1990,463,174,132,1076,0,96,355,5538,1,248,664
9/1/2009,MARYLAND,6542,8298,1677,7130,812,4683,4996,1885,420,1744,1719,207,14427,15400,9,2267,2293
9/1/2009,MASSACHUSETTS,188,355,201,1187,1787,5497,3143,448,794,2052,2437,365,2406,179,4,3027,914
9/1/2009,MICHIGAN,357,261,317,101,1168,8572,3384,1098,1122,2477,0,167,6256,40,6,865,1594
9/1/2009,MINNESOTA,425,183,143,53,137,9127,3151,705,377,2305,1326,28,1482,19,3,709,167
9/1/2009,MISSISSIPPI,220,5460,516,6517,417,6412,2071,738,144,2277,1408,147,3462,2379,0,2320,303
9/1/2009,MISSOURI,10881,385,1500,3408,175,8483,5436,1320,3845,2524,1109,113,7271,62,425,1217,677
9/1/2009,MONTANA,14,5,13,2823,5,2451,743,163,61,1041,33,0,588,1,0,823,45
9/1/2009,NEBRASKA,94,391,60,5182,17,3633,1392,393,155,961,314,14,1382,11,4,2125,104
9/1/2009,NEVADA,111,929,38,8225,16,2250,798,422,173,975,573,2,485,287,1,1230,157
9/1/2009,NEW HAMPSHIRE,8,595,109,57,360,1769,953,285,164,975,1,18,511,14,2,274,141
9/1/2009,NEW JERSEY,834,431,149,4048,1905,5642,4378,1045,454,2377,2444,161,10059,2094,12,1474,708
9/1/2009,NEW MEXICO,750,85,97,8922,10,2461,651,283,80,957,219,3,2972,48,1,3430,477
9/1/2009,NEW YORK,13446,1715,821,299,1142,10085,8171,2016,1707,5893,1208,510,7315,120,32,2418,2054
9/1/2009,NORTH CAROLINA,32271,3918,48693,6560,1566,6648,6332,1171,748,1539,2137,207,8230,4301,3233,1394,2280
9/1/2009,NORTH DAKOTA,16,7,5,6249,0,3160,256,88,24,901,36,0,461,3,0,1155,72
9/1/2009,OHIO,541,363,236,4815,416,9617,4877,1412,864,5231,3857,266,1676,81,5,13230,9266
9/1/2009,OKLAHOMA,10930,1325,463,7719,52,7375,2895,494,336,2314,1721,10,5564,84,6,14664,1471
9/1/2009,OREGON,166,194,135,55,1063,4078,498,566,330,2260,116,133,2672,23,2,579,27
9/1/2009,PENNSYLVANIA,887,847,608,212,353,13838,7587,1947,1662,3898,1336,158,9800,6394,21,1141,8704
9/1/2009,RHODE ISLAND,91,1953,136,75,272,2057,380,616,139,1211,1,52,236,3729,2,195,97
9/1/2009,SOUTH CAROLINA,11513,6417,10384,7720,772,9388,4258,721,410,1295,2367,168,3642,2994,780,1821,740
9/1/2009,SOUTH DAKOTA,13,3,0,2890,0,2994,354,122,0,1116,31,0,473,2,1,708,41
9/1/2009,TENNESSEE,328,1464,164,178,172,8799,3991,1269,727,3587,17,64,3627,1179,2,1174,762
9/1/2009,TEXAS,59590,4551,1901,36559,1759,18296,17308,5552,2856,2919,6337,390,26395,1345,25,14978,3799
9/1/2009,UTAH,299,42,128,3668,4,5458,2565,398,246,1435,1300,0,2330,45,2,11117,1047
9/1/2009,VERMONT,18,6,28,26,29,2607,205,59,0,1061,0,13,361,3,0,241,32
9/1/2009,VIRGINIA,23994,73268,11914,12028,4372,7207,6882,5538,1198,1584,1551,571,22508,35014,4220,4895,21177
9/1/2009,WASHINGTON,16125,20636,738,5537,2142,5789,5534,2215,528,1975,2215,448,9105,15196,4,1892,1128
9/1/2009,WEST VIRGINIA,224,190,116,41,82,3540,2000,114,233,2321,0,20,1341,98,1,565,11
9/1/2009,WISCONSIN,314,50,122,59,304,4342,4630,505,507,1948,0,98,1927,30,3,448,111
9/1/2009,WYOMING,6,1,1,2892,5,1142,67,76,11,1167,35,0,261,1,0,748,40
9/1/2009,UNKNOWN,10,0,0,1008,61,0,0,0,0,0,0,0,0,0,0,0,0
9/1/2009,AFGHANISTAN,32317,2394,8157,4651,1,7535,2314,678,234,500,273,0,873,46,11,41,40
9/1/2009,ALBANIA,0,0,1,0,0,0,0,0,0,0,0,0,0,0,0,0,0
9/1/2009,ALGERIA,3,0,0,2,0,0,0,0,0,0,0,0,0,0,0,0,0
9/1/2009,AMERICAN SAMOA,0,63,0,0,2,0,373,0,0,0,0,1,8,0,0,0,0
9/1/2009,ANTIGUA AND BARBUDA,0,0,0,3,0,0,0,0,0,0,0,0,0,0,0,0,0
9/1/2009,ARGENTINA,3,0,2,10,0,0,0,0,0,0,0,0,3,0,0,0,0
9/1/2009,ARMENIA,1,0,1,1,0,0,0,0,0,0,0,0,0,0,0,0,0
9/1/2009,AUSTRALIA,31,0,10,60,0,0,0,0,0,0,0,0,3,3,0,4,4
9/1/2009,AUSTRIA,3,0,0,4,0,0,0,0,0,0,0,0,0,0,0,0,0
9/1/2009,AZERBAIJAN,3,2,1,3,0,0,0,0,0,0,0,0,0,0,0,0,1
9/1/2009,"BAHAMAS, THE",1,39,0,0,0,0,0,0,0,0,0,0,0,2,0,0,0
9/1/2009,BAHRAIN,302,3757,61,84,165,0,7,226,8,17,12,3,15,155,0,1,86
9/1/2009,BANGLADESH,4,0,0,5,0,0,0,0,0,0,0,0,0,0,0,0,0
9/1/2009,BARBADOS,1,0,0,1,1,0,0,0,0,0,0,0,0,1,0,0,0
9/1/2009,BELGIUM,672,119,6,447,0,0,0,2,0,0,5,0,360,1,0,9,253
9/1/2009,BELIZE,1,1,0,0,0,0,0,0,0,0,0,0,0,0,0,0,0
9/1/2009,BOLIVIA,5,0,0,2,0,0,0,0,0,0,0,0,1,0,0,0,0
9/1/2009,BOSNIA AND HERZEGOVINA,1,0,0,2,0,0,0,0,0,0,0,0,1,0,0,0,0
9/1/2009,BOTSWANA,2,0,0,1,0,0,0,0,0,0,0,0,0,0,0,0,0
9/1/2009,BRAZIL,7,8,1,6,0,0,0,0,0,0,0,0,4,1,0,0,0
9/1/2009,BRITISH ATLANTIC OCEAN TERRITORY,0,0,0,4,0,0,0,0,0,0,0,0,0,0,0,0,0
9/1/2009,BRITISH INDIAN OCEAN TERRITORY,0,270,0,34,0,0,0,0,0,0,0,0,0,2,1,0,0
9/1/2009,BULGARIA,4,2,0,4,0,0,0,0,0,0,0,0,1,0,0,1,0
9/1/2009,BURKINA FASO,0,0,0,17,0,0,0,0,0,0,0,0,0,0,0,0,0
9/1/2009,BURMA,3,0,0,1,0,0,0,0,0,0,0,0,0,0,0,0,0
9/1/2009,BURUNDI,1,0,0,2,0,0,0,0,0,0,0,0,0,0,0,0,0
9/1/2009,CAMBODIA,7,1,0,0,0,0,0,0,0,0,0,0,0,0,0,0,0
9/1/2009,CAMEROON,2,0,0,1,0,0,0,0,0,0,0,0,0,0,0,0,0
9/1/2009,CANADA,8,0,0,83,2,0,0,0,0,0,0,0,1,5,0,2,15
9/1/2009,CHAD,2,0,0,1,0,0,0,0,0,0,0,0,0,0,0,0,0
9/1/2009,CHILE,7,6,0,9,0,0,0,0,0,0,0,0,4,2,0,1,0
9/1/2009,CHINA,7,5,1,7,0,0,0,0,0,0,0,0,0,0,0,0,0
9/1/2009,COLOMBIA,51,0,4,9,4,0,0,0,0,0,0,0,19,2,0,1,0
9/1/2009,COMOROS,0,17,0,0,0,0,0,0,0,0,0,0,0,0,0,0,0
9/1/2009,CONGO (BRAZZAVILLE),3,0,0,0,0,0,0,0,0,0,0,0,0,0,0,0,0
9/1/2009,CONGO (KINSHASA),0,0,0,1,0,0,0,0,0,0,0,0,0,0,0,0,0
9/1/2009,COSTA RICA,1,0,0,0,1,0,0,0,0,0,0,0,2,0,0,0,0
9/1/2009,COTE DIVOIRE,3,0,0,0,0,0,0,0,0,0,0,0,0,0,0,0,0
9/1/2009,CROATIA,4,2,1,2,0,0,0,0,0,0,0,0,1,0,0,0,0
9/1/2009,CUBA,328,1136,19,0,1,0,0,41,0,0,0,25,10,172,0,0,75
9/1/2009,CYPRUS,3,0,0,7,0,0,0,0,0,0,0,0,0,0,0,0,0
9/1/2009,CZECH REPUBLIC,4,0,0,2,0,0,0,0,0,0,0,0,0,0,0,0,0
9/1/2009,DENMARK,2,5,0,4,0,0,0,0,0,0,0,0,0,0,0,0,0
9/1/2009,DJIBOUTI,44,584,114,213,0,638,77,84,5,14,6,0,4,15,0,0,0
9/1/2009,DOMINICAN REPUBLIC,3,1,3,2,2,0,0,0,0,0,0,0,2,0,0,0,0
9/1/2009,ECUADOR,9,2,1,11,0,0,0,1,0,0,0,0,4,1,0,1,0
9/1/2009,EGYPT,211,21,1,30,1,23,0,0,0,0,0,0,9,13,0,20,3
9/1/2009,EL SALVADOR,6,18,1,2,0,0,0,6,0,0,0,0,2,1,0,0,0
9/1/2009,ERITREA,1,0,0,0,0,0,0,0,0,0,0,0,0,0,0,0,0
9/1/2009,ESTONIA,0,1,0,0,0,0,0,0,0,0,0,0,0,1,0,0,0
9/1/2009,ETHIOPIA,4,3,1,1,0,0,5,0,1,0,1,0,0,0,0,0,2
9/1/2009,FIJI,0,2,1,0,0,0,0,0,0,0,0,0,0,0,0,0,0
9/1/2009,FINLAND,1,2,0,4,0,0,0,0,0,0,0,0,0,0,0,0,0
9/1/2009,FRANCE,23,15,2,18,0,0,0,0,0,0,0,0,4,4,0,2,0
9/1/2009,GABON,1,3,0,0,0,0,0,0,0,0,0,0,0,0,0,0,0
9/1/2009,GEORGIA,6,0,1,2,0,0,0,0,0,0,0,0,1,0,0,0,1
9/1/2009,GERMANY,30601,481,747,13820,5,97,38,290,6,51,274,0,7023,53,17,1015,5362
9/1/2009,"GERMANY, FEDERAL REPUBLIC OF",0,0,0,0,1,0,0,0,0,0,0,0,0,0,0,0,0
9/1/2009,GHANA,3,2,4,3,0,0,0,0,0,0,0,0,0,1,0,0,0
9/1/2009,GIBRALTAR,0,4,0,0,0,0,0,0,0,0,0,0,0,0,0,0,0
9/1/2009,GREECE,11,323,1,55,0,0,0,1,0,0,0,0,2,68,0,1,2
9/1/2009,GREENLAND,0,0,0,145,0,0,0,0,0,0,0,0,0,0,0,2,0
9/1/2009,GUAM,40,3595,6,1800,137,1041,555,6,0,402,271,0,21,915,0,391,626
9/1/2009,GUATEMALA,6,1,0,1,0,0,0,0,0,0,0,0,2,1,0,0,0
9/1/2009,GUINEA,2,0,0,1,0,0,0,0,0,0,0,0,0,0,0,0,0
9/1/2009,GUYANA,1,0,0,0,0,0,0,0,0,0,0,0,0,0,0,0,0
9/1/2009,HAITI,5,0,0,1,1,0,0,0,0,0,0,0,0,0,0,0,0
9/1/2009,HONDURAS,235,2,0,188,0,0,0,0,0,0,0,0,20,0,0,0,0
9/1/2009,HONG KONG,3,12,0,3,1,0,0,0,0,0,0,0,0,0,0,0,0
9/1/2009,HUNGARY,6,0,0,48,0,0,0,0,0,0,0,0,2,0,0,0,0
9/1/2009,ICELAND,0,0,0,0,0,0,0,0,0,0,0,0,0,1,0,0,1
9/1/2009,INDIA,4,0,1,7,0,0,0,0,0,0,0,0,0,0,0,0,0
9/1/2009,INDONESIA,10,0,1,5,0,0,0,0,0,0,0,0,0,2,0,0,0
9/1/2009,IRAN,2,0,0,0,0,0,0,0,0,0,0,0,1,1,0,0,0
9/1/2009,IRAQ,58240,2757,6678,4674,19,19977,5527,849,1413,575,497,0,1991,87,25,37,77
9/1/2009,IRELAND,1,1,0,1,0,0,0,0,0,0,0,0,0,0,0,0,0
9/1/2009,ISRAEL,5,3,2,14,0,0,0,0,0,0,0,0,7,1,0,2,7
9/1/2009,ITALY,3143,3919,31,3908,2,1,0,86,0,0,35,0,515,819,0,169,817
9/1/2009,JAMAICA,1,3,1,0,2,0,0,0,0,0,0,0,1,0,0,0,0
9/1/2009,JAPAN,2578,18452,14885,11975,23,0,0,41,7,0,56,0,641,1528,649,820,3229
9/1/2009,JORDAN,47,30,2,16,0,2,1,0,0,0,1,0,2,1,0,1,0
9/1/2009,KAZAKHSTAN,4,2,52,11,0,0,0,0,0,0,1,0,0,0,0,1,1
9/1/2009,KENYA,20,8,9,6,0,3,21,1,0,0,0,0,4,1,0,0,0
9/1/2009,"KOREA, NORTH",0,0,0,0,0,0,0,0,0,0,0,0,0,0,0,2,0
9/1/2009,"KOREA, SOUTH",18317,0,85,8202,1,0,0,0,0,0,40,0,1899,25,2,162,834
9/1/2009,KOSOVO,10,6,0,12,0,67,26,0,0,1,0,0,5,1,0,0,0
9/1/2009,KUWAIT,24019,1456,2781,2703,15,10837,4988,1253,314,271,115,126,758,36,7,15,109
9/1/2009,KYRGYZSTAN,297,4,293,2575,0,251,65,1,2,339,135,0,1,0,0,7,0
9/1/2009,LAOS,1,0,0,3,0,0,0,0,0,0,0,0,0,2,0,0,0
9/1/2009,LATVIA,0,0,1,0,0,0,0,0,0,0,0,0,0,0,0,0,0
9/1/2009,LEBANON,4,0,0,1,0,0,0,0,0,0,0,0,0,0,0,0,0
9/1/2009,LIBERIA,2,1,0,3,0,0,0,0,0,0,0,0,0,0,0,0,0
9/1/2009,LIBYA,0,0,0,1,0,0,0,0,0,0,0,0,0,0,0,0,0
9/1/2009,LITHUANIA,2,4,0,0,0,0,0,0,0,0,0,0,0,0,0,0,0
9/1/2009,LUXEMBOURG,0,0,0,0,0,0,0,0,0,0,0,0,18,0,0,0,0
9/1/2009,MACEDONIA,4,0,0,2,0,0,0,0,0,0,0,0,0,0,0,0,0
9/1/2009,MALAYSIA,3,4,0,3,0,0,0,0,0,0,0,0,0,0,0,0,0
9/1/2009,MALI,2,0,0,1,0,0,0,0,0,0,0,0,0,0,0,0,0
9/1/2009,MALTA,1,0,0,1,1,0,0,0,0,0,0,0,0,1,0,0,0
9/1/2009,MARSHALL ISLANDS,18,0,0,0,0,0,0,0,0,0,0,0,41,0,0,0,0
9/1/2009,MAURITIUS,0,0,0,0,0,0,0,1,1,0,0,0,0,0,0,0,0
9/1/2009,MEXICO,8,3,1,4,2,0,0,0,0,0,0,0,3,0,0,3,0
9/1/2009,MONGOLIA,3,0,0,1,0,0,0,0,0,0,0,0,0,0,0,0,0
9/1/2009,MONTENEGRO,0,0,0,0,0,0,0,0,0,0,0,0,0,0,0,0,2
9/1/2009,MOROCCO,2,0,7,3,0,0,0,0,0,0,0,0,1,1,0,1,0
9/1/2009,MOZAMBIQUE,0,0,0,1,0,0,0,0,0,0,0,0,0,0,0,0,0
9/1/2009,NEPAL,3,0,1,0,0,0,0,0,0,0,0,0,0,0,0,0,0
9/1/2009,NETHERLANDS,233,29,5,228,32,0,0,0,0,0,1,0,121,0,0,3,127
9/1/2009,NETHERLANDS ANTILLES (1991 - 2010),0,0,0,11,1,0,0,0,0,0,0,0,1,1,0,1,0
9/1/2009,NEW ZEALAND,2,3,0,1,0,0,0,0,0,0,0,0,0,0,0,1,2
9/1/2009,NICARAGUA,10,137,785,1,0,0,0,15,32,0,0,0,11,4,0,2,2
9/1/2009,NIGER,1,0,0,2,0,0,0,0,0,0,0,0,0,0,0,0,0
9/1/2009,NIGERIA,3,0,0,2,0,0,0,0,0,0,0,0,0,1,0,0,0
9/1/2009,NORTHERN MARIANA ISLANDS,0,0,0,0,3,0,0,0,0,0,0,0,3,0,0,0,0
9/1/2009,NORWAY,21,11,4,36,1,0,0,0,0,0,0,0,1,3,0,2,0
9/1/2009,OMAN,4,7,2,24,0,0,0,0,0,1,0,0,0,0,0,1,0
9/1/2009,PAKISTAN,72,9,4,58,1,1,2,3,0,2,5,0,1,0,0,2,1
9/1/2009,PANAMA (1980 - PRESENT),11,8,0,0,1,0,0,0,0,0,0,0,5,1,0,0,0
9/1/2009,PARAGUAY,5,0,0,1,0,0,0,0,0,0,0,0,1,0,0,0,0
9/1/2009,PERU,13,16,3,6,0,0,0,2,0,0,0,0,4,2,0,1,0
9/1/2009,PHILIPPINES,285,101,4,81,2,0,3,16,0,17,2,0,0,10,0,2,0
9/1/2009,POLAND,12,1,2,15,0,0,0,0,0,2,1,0,3,0,0,1,0
9/1/2009,PORTUGAL,27,31,1,660,0,0,0,0,0,0,1,0,0,4,0,55,70
9/1/2009,PUERTO RICO,84,25,10,25,499,5965,4229,291,0,1218,3,58,1150,70,0,266,650
9/1/2009,QATAR,752,500,41,8088,2,9,95,40,1,1438,659,0,51,2,1,48,9
9/1/2009,ROMANIA,4,2,0,4,0,0,0,0,0,0,0,0,4,0,0,1,0
9/1/2009,RUSSIA,12,5,0,9,0,0,0,0,0,0,1,0,0,0,0,0,3
9/1/2009,RWANDA,0,0,0,0,0,0,1,0,0,0,0,0,0,0,0,0,0
9/1/2009,SAUDI ARABIA,136,27,12,176,0,0,13,0,0,172,4,0,162,1,0,10,8
9/1/2009,SENEGAL,3,2,1,0,0,0,0,0,0,0,0,0,0,0,0,0,2
9/1/2009,SERBIA (2006 - 2008),0,0,0,0,0,0,0,0,0,0,0,0,3,0,0,0,0
9/1/2009,SEYCHELLES,0,0,0,0,0,0,0,0,0,0,0,0,0,1,0,0,0
9/1/2009,SIERRA LEONE,1,0,0,2,0,0,0,0,0,0,0,0,0,0,0,0,0
9/1/2009,SINGAPORE,8,119,67,14,0,0,0,1,0,0,0,0,0,95,0,0,16
9/1/2009,SLOVAKIA,1,0,0,2,0,0,0,0,0,0,0,0,0,0,0,0,0
9/1/2009,SLOVENIA,0,0,0,3,0,0,0,0,0,0,0,0,0,0,0,0,0
9/1/2009,SOMALIA,3,1,0,0,0,0,0,0,0,0,0,0,0,0,0,0,0
9/1/2009,SOUTH AFRICA,5,1,98,3,0,0,0,0,0,0,0,0,0,1,0,0,0
9/1/2009,SPAIN,94,857,31,376,0,0,0,2,0,19,6,0,4,200,0,13,113
9/1/2009,SPRATLY ISLANDS,0,0,0,0,75,0,0,0,0,0,0,1,0,0,0,0,0
9/1/2009,SRI LANKA,2,1,0,1,0,0,0,0,0,0,0,0,0,0,0,0,0
9/1/2009,SUDAN,2,0,0,0,0,0,0,0,0,0,0,0,0,0,0,0,0
9/1/2009,SURINAME,0,1,0,0,0,0,0,0,0,0,0,0,1,0,0,0,0
9/1/2009,SWEDEN,1,1,0,4,2,0,0,0,0,0,0,0,0,0,0,0,0
9/1/2009,SWITZERLAND,1,2,0,5,0,0,0,0,0,0,0,0,0,1,0,0,0
9/1/2009,SYRIA,4,0,0,0,0,0,0,0,0,0,0,0,0,0,0,0,0
9/1/2009,TAIWAN,0,2,0,4,0,0,0,0,0,0,0,0,0,0,0,0,4
9/1/2009,TAJIKISTAN,2,1,0,2,0,0,0,0,0,0,0,0,0,0,0,0,0
9/1/2009,TANZANIA,4,2,0,0,0,1,3,2,0,0,0,0,1,0,0,0,0
9/1/2009,THAILAND,40,9,147,22,0,0,0,0,0,0,0,0,2,7,0,2,0
9/1/2009,TRINIDAD AND TOBAGO,0,1,0,0,0,0,0,0,0,0,0,0,0,0,0,0,0
9/1/2009,TRUCIAL STATES,0,0,0,0,1,0,0,0,0,0,0,0,0,0,0,0,0
9/1/2009,TUNISIA,4,3,2,2,0,0,0,0,0,0,0,0,1,0,0,0,0
9/1/2009,TURKEY,64,9,2,1737,0,0,0,2,0,155,6,0,10,1,0,103,124
9/1/2009,TURKMENISTAN,0,0,0,8,0,0,0,0,0,1,2,0,0,0,0,0,0
9/1/2009,UGANDA,4,33,0,1,0,0,10,2,0,0,0,0,0,1,0,0,0
9/1/2009,UKRAINE,7,1,0,4,0,0,0,0,0,0,0,0,0,0,0,0,1
9/1/2009,UNION OF SOVIET SOCIALIST REPUBLICS,0,0,3,0,0,0,0,0,0,0,0,0,0,0,0,0,0
9/1/2009,UNITED ARAB EMIRATES,210,8,152,1165,0,1,0,2,0,66,21,0,6,6,0,10,5
9/1/2009,UNITED KINGDOM,324,396,70,8143,0,0,0,11,0,2,76,0,30,29,0,529,878
9/1/2009,URUGUAY,3,3,0,2,0,0,0,0,0,0,0,0,0,0,0,0,0
9/1/2009,UZBEKISTAN,2,0,1,1,0,0,0,0,0,0,1,0,0,0,0,0,1
9/1/2009,VENEZUELA,3,1,0,4,1,0,0,0,0,0,0,0,0,0,0,0,0
9/1/2009,VIETNAM,4,0,1,2,0,0,0,0,0,0,0,0,0,3,0,0,0
9/1/2009,"VIRGIN ISLANDS, U.S.",0,1,0,0,36,770,27,0,0,66,0,5,107,0,0,0,0
9/1/2009,WAKE ISLAND,0,0,0,4,0,0,0,0,0,0,0,0,0,0,0,0,0
9/1/2009,YEMEN,10,8,0,16,0,0,0,0,0,0,0,0,0,0,0,3,0
9/1/2009,ZAMBIA,2,0,0,2,0,0,0,0,0,0,0,0,0,0,0,0,0
9/1/2009,ZIMBABWE,3,0,0,0,0,0,0,0,0,0,0,0,0,0,0,0,0
9/1/2009,UNKNOWN,266,18453,3844,460,3,2409,935,1089,3524,1448,447,0,79,2,0,202,0
9/1/2010,ALABAMA,5458,137,208,2828,1013,10362,5775,325,661,2161,1326,165,20146,89,6,2491,3121
9/1/2010,ALASKA,11469,68,8,7202,2120,1878,389,68,48,2072,306,54,3050,28,0,1926,344
9/1/2010,ARIZONA,5063,362,3623,10241,25,4972,3191,810,504,2313,1235,1,4500,157,492,3316,1131
9/1/2010,ARKANSAS,47,12,130,4472,25,7501,1980,209,142,1880,169,0,2942,10,0,971,119
9/1/2010,ARMED FORCES EUROPE,0,0,0,0,0,0,1124,0,0,0,0,1,0,0,0,0,0
9/1/2010,ARMED FORCES PACIFIC,0,0,0,0,0,0,229,109,0,0,0,31,0,0,0,0,0
9/1/2010,CALIFORNIA,7395,65537,57561,16836,5265,16347,13955,8357,4529,4536,7771,955,9392,30613,5455,10876,6670
9/1/2010,COLORADO,17818,674,269,8821,46,3773,3369,868,380,1536,2530,16,4203,63,3,5806,1370
9/1/2010,CONNECTICUT,27,5430,25,29,753,2859,1136,411,228,1149,4,106,462,1084,0,234,644
9/1/2010,DELAWARE,8,5,11,3179,31,1454,377,103,152,1027,1622,6,227,1,2,1279,73
9/1/2010,DISTRICT OF COLUMBIA,5461,2953,2370,2487,1511,1315,1453,1756,486,1213,433,114,4745,9832,63,881,885
9/1/2010,FLORIDA,3548,26701,3616,20660,4850,7367,9875,5904,1186,2060,5957,1063,3950,11845,244,11390,2209
9/1/2010,GEORGIA,39842,5490,1163,8053,511,10721,8713,1535,989,2709,3224,126,14115,2159,2538,16031,2998
9/1/2010,HAWAII,17277,13668,5519,4367,1336,2795,2421,743,83,2357,717,139,5701,9209,729,2176,1093
9/1/2010,IDAHO,20,40,27,3423,4,3495,679,132,102,1345,26,0,612,53,0,680,65
9/1/2010,ILLINOIS,687,15788,254,4393,148,9566,6417,2827,1174,2771,1511,88,8777,1769,5,3746,1241
9/1/2010,INDIANA,425,83,154,80,42,12379,3602,363,627,1674,1413,8,1877,3392,15,805,4564
9/1/2010,IOWA,27,16,95,41,34,7236,2528,148,166,1850,0,0,941,6,2,499,46
9/1/2010,KANSAS,18439,87,77,2661,102,4577,2859,143,181,2085,561,31,6413,3,1,1119,407
9/1/2010,KENTUCKY,26350,13,182,151,146,7029,4612,261,205,1165,2,65,9258,127,3,232,969
9/1/2010,LOUISIANA,9649,494,890,5546,1299,6872,2322,1564,4284,1488,1733,219,3954,637,182,1531,318
9/1/2010,MAINE,203,210,29,11,522,1718,517,102,146,1098,0,101,329,5466,0,259,802
9/1/2010,MARYLAND,6514,8859,1400,7177,795,4857,5149,1724,433,1704,1734,204,15987,16342,26,2653,2670
9/1/2010,MASSACHUSETTS,148,339,208,1151,1735,5404,3117,398,835,1973,2558,500,2440,163,5,3275,916
9/1/2010,MICHIGAN,431,255,288,100,1156,8657,3435,1326,1152,2554,0,186,6811,40,5,807,1610
9/1/2010,MINNESOTA,268,175,131,49,138,11070,3190,692,417,2201,1407,22,1436,20,3,744,185
9/1/2010,MISSISSIPPI,396,5704,450,6718,399,9648,2196,1000,140,2316,1607,56,3685,2466,2,2398,330
9/1/2010,MISSOURI,10783,335,1005,3496,166,8860,5131,1327,813,2419,1093,113,6956,63,425,1239,705
9/1/2010,MONTANA,10,2,11,2949,0,2661,737,114,68,943,32,0,502,1,0,847,48
9/1/2010,NEBRASKA,96,426,57,4997,18,3519,1476,345,141,951,281,6,1326,13,4,2408,99
9/1/2010,NEVADA,120,1014,41,8737,4,2973,849,421,229,1050,702,1,472,296,1,1364,158
9/1/2010,NEW HAMPSHIRE,6,755,103,85,363,1655,912,281,166,920,1,15,453,12,3,259,158
9/1/2010,NEW JERSEY,889,420,152,4033,1433,6081,3844,1020,609,2403,2521,174,9341,1945,11,2079,725
9/1/2010,NEW MEXICO,414,86,93,10119,34,3027,647,282,83,925,373,0,3023,55,1,3850,474
9/1/2010,NEW YORK,17129,1866,782,304,1130,10148,8168,1654,1840,5616,1359,531,7567,125,30,2391,2130
9/1/2010,NORTH CAROLINA,46136,4295,51564,6589,1557,9805,6118,1001,864,1518,2403,201,9038,4400,3474,1378,2417
9/1/2010,NORTH DAKOTA,11,4,8,6587,0,3204,230,103,53,909,31,0,531,3,0,1203,74
9/1/2010,OHIO,480,333,210,5025,406,11143,5289,1120,683,4657,3905,259,1632,82,5,13970,10188
9/1/2010,OKLAHOMA,12996,1346,302,7746,46,7425,2788,540,342,2180,1675,5,5860,94,6,16106,1498
9/1/2010,OREGON,142,184,128,60,1053,6421,599,443,271,2208,119,128,2531,24,2,593,21
9/1/2010,PENNSYLVANIA,795,803,597,223,346,14773,7880,1550,1782,3975,1387,166,9883,6423,20,1121,8808
9/1/2010,RHODE ISLAND,23,2017,151,69,273,1911,429,615,105,1172,1,45,194,3794,2,184,106
9/1/2010,SOUTH CAROLINA,10374,6634,10442,7632,794,8355,4422,737,425,1320,2473,180,3661,3200,785,1886,747
9/1/2010,SOUTH DAKOTA,26,4,0,3412,0,3222,365,132,0,1084,34,0,473,2,1,782,46
9/1/2010,TENNESSEE,304,1434,151,187,172,10349,3941,1344,714,3496,10,64,4044,1194,2,1180,825
9/1/2010,TEXAS,67107,4028,1823,34132,1735,18449,17916,5462,3022,2830,5628,374,28403,1385,27,15683,3922
9/1/2010,UTAH,323,34,120,3673,3,5130,2841,410,260,1173,1270,0,2465,45,2,11546,1058
9/1/2010,VERMONT,12,9,24,27,25,1342,194,57,0,1044,0,11,254,3,0,232,29
9/1/2010,VIRGINIA,23943,67750,10938,11997,4121,7705,6257,5576,1250,1545,1572,595,22859,37150,4951,5347,22650
9/1/2010,WASHINGTON,30850,20552,710,5611,2133,5885,5731,2213,529,2120,2035,479,9724,15726,5,1857,1162
9/1/2010,WEST VIRGINIA,225,202,106,54,83,4014,2011,129,152,2066,0,21,1238,91,1,511,15
9/1/2010,WISCONSIN,269,51,122,71,311,6867,4537,509,498,2213,0,105,2010,29,3,460,124
9/1/2010,WYOMING,7,0,1,3016,0,1787,73,55,13,1000,33,0,277,1,0,751,45
9/1/2010,UNKNOWN,86,0,0,1021,62,0,0,0,0,0,0,0,0,0,0,0,0
9/1/2010,AFGHANISTAN,50164,4721,20566,6418,6,8818,3994,1590,1807,740,455,0,1562,108,34,70,152
9/1/2010,ALBANIA,0,0,1,0,0,0,0,0,0,0,0,0,0,0,0,0,0
9/1/2010,ALGERIA,1,0,0,2,0,0,0,0,0,0,0,0,0,0,0,0,0
9/1/2010,AMERICAN SAMOA,0,0,0,0,2,0,317,0,0,0,0,1,8,0,0,0,0
9/1/2010,ANTIGUA AND BARBUDA,0,0,0,2,0,0,0,0,0,0,0,0,0,0,0,0,0
9/1/2010,ARGENTINA,2,7,1,9,0,0,0,0,0,0,0,0,3,0,0,0,0
9/1/2010,ARMENIA,0,0,1,1,0,0,0,0,0,0,0,0,0,0,0,0,0
9/1/2010,AUSTRALIA,29,66,11,57,0,0,0,0,0,0,0,0,5,2,0,4,4
9/1/2010,AUSTRIA,1,0,0,4,0,0,0,0,0,0,0,0,0,0,0,0,0
9/1/2010,AZERBAIJAN,0,1,1,3,0,0,0,0,0,0,0,0,0,0,0,1,1
9/1/2010,"BAHAMAS, THE",1,40,0,0,0,0,0,0,0,0,0,0,0,3,0,0,0
9/1/2010,BAHRAIN,347,3735,31,333,180,11,13,259,1,132,36,4,17,192,0,1,110
9/1/2010,BANGLADESH,1,0,0,0,0,0,0,0,0,0,0,0,0,0,0,0,0
9/1/2010,BARBADOS,1,0,0,1,1,0,0,0,0,0,0,0,0,1,0,0,0
9/1/2010,BELGIUM,592,111,13,441,0,0,0,3,0,0,5,0,367,1,0,7,281
9/1/2010,BELIZE,1,1,0,0,0,0,0,0,0,0,0,0,0,0,0,0,0
9/1/2010,BOLIVIA,6,0,0,3,0,0,0,0,0,0,0,0,0,0,0,0,0
9/1/2010,BOSNIA AND HERZEGOVINA,1,0,0,1,0,0,0,0,0,0,0,0,2,0,0,0,0
9/1/2010,BOTSWANA,0,0,0,1,0,0,0,0,0,0,0,0,0,0,0,0,0
9/1/2010,BRAZIL,6,9,2,6,0,0,0,0,0,0,0,0,4,1,0,0,0
9/1/2010,BRITISH ATLANTIC OCEAN TERRITORY,0,0,0,3,0,0,0,0,0,0,0,0,0,0,0,0,0
9/1/2010,BRITISH INDIAN OCEAN TERRITORY,0,449,0,35,0,0,0,3,0,0,0,0,0,2,0,0,0
9/1/2010,BULGARIA,3,3,0,4,0,0,0,0,0,0,0,0,1,0,0,1,0
9/1/2010,BURKINA FASO,0,0,0,21,0,0,0,0,0,0,0,0,0,0,0,0,0
9/1/2010,BURMA,1,0,0,1,0,0,0,0,0,0,0,0,0,0,0,0,0
9/1/2010,BURUNDI,0,0,0,2,0,0,0,0,0,0,0,0,0,0,0,0,0
9/1/2010,CAMBODIA,1,2,0,0,0,0,0,0,0,0,0,0,0,0,0,1,0
9/1/2010,CAMEROON,0,0,0,1,0,0,0,0,0,0,0,0,0,0,0,0,0
9/1/2010,CANADA,3,28,0,98,2,0,0,0,0,0,0,0,0,2,0,3,19
9/1/2010,CHAD,1,0,0,1,0,0,0,0,0,0,0,0,0,0,0,0,0
9/1/2010,CHILE,8,7,0,11,0,0,0,1,0,0,0,0,4,2,0,1,0
9/1/2010,CHINA,2,7,1,6,0,0,0,0,0,0,0,0,0,0,0,0,0
9/1/2010,COLOMBIA,27,5,3,10,5,0,0,0,0,0,0,0,18,2,0,2,0
9/1/2010,COMOROS,0,3,0,0,0,0,0,2,0,0,0,0,0,0,0,0,0
9/1/2010,CONGO (BRAZZAVILLE),1,0,0,0,0,0,0,0,0,0,0,0,0,0,0,0,0
9/1/2010,CONGO (KINSHASA),0,0,0,2,0,0,0,0,0,0,0,0,0,0,0,0,0
9/1/2010,COSTA RICA,2,0,0,0,1,0,0,0,0,0,0,0,3,0,0,0,0
9/1/2010,COTE DIVOIRE,1,0,0,0,0,0,0,0,0,0,0,0,0,0,0,0,0
9/1/2010,CROATIA,3,1,1,1,0,0,0,0,0,0,0,0,1,0,0,0,0
9/1/2010,CUBA,321,523,24,0,2,0,0,69,0,0,0,17,2,172,0,0,66
9/1/2010,CYPRUS,1,0,0,8,0,0,0,0,0,0,0,0,0,0,0,0,0
9/1/2010,CZECH REPUBLIC,6,0,0,3,0,0,0,0,0,0,0,0,0,1,0,0,0
9/1/2010,DENMARK,2,4,0,4,0,0,0,0,0,0,0,0,0,0,0,0,0
9/1/2010,DJIBOUTI,48,552,107,283,0,469,43,135,9,48,79,0,4,7,0,7,0
9/1/2010,DOMINICAN REPUBLIC,2,1,2,2,2,0,0,0,0,0,0,0,2,0,0,0,0
9/1/2010,ECUADOR,8,2,1,4,0,0,0,1,0,0,0,0,4,1,0,1,0
9/1/2010,EGYPT,209,21,1,31,0,13,0,0,0,0,0,0,12,11,0,19,3
9/1/2010,EL SALVADOR,6,16,1,3,0,0,0,8,0,0,0,0,4,1,0,0,0
9/1/2010,ESTONIA,0,2,0,0,0,0,0,0,0,0,0,0,0,1,0,0,0
9/1/2010,ETHIOPIA,2,7,1,18,0,24,4,0,0,0,0,0,0,0,0,0,2
9/1/2010,FIJI,0,2,0,0,0,0,0,0,0,0,0,0,0,0,0,0,0
9/1/2010,FINLAND,2,2,0,4,0,0,0,0,0,0,0,0,0,0,0,0,0
9/1/2010,FRANCE,9,15,2,22,0,0,0,0,0,0,0,0,3,4,0,1,0
9/1/2010,GABON,1,1,0,1,0,0,0,0,0,0,0,0,0,0,0,0,0
9/1/2010,GEORGIA,3,0,1,5,0,0,0,0,0,0,0,0,1,0,0,0,1
9/1/2010,GERMANY,28661,489,828,13925,8,88,31,174,5,52,357,0,7357,68,20,1169,5552
9/1/2010,"GERMANY, FEDERAL REPUBLIC OF",0,0,0,0,1,0,0,0,0,0,0,0,0,0,0,0,0
9/1/2010,GHANA,1,1,3,3,0,0,0,0,0,0,0,0,0,1,0,0,0
9/1/2010,GIBRALTAR,0,4,0,0,0,0,0,0,0,0,0,0,0,0,0,0,0
9/1/2010,GREECE,5,330,1,44,0,0,0,0,0,0,0,0,2,65,0,1,1
9/1/2010,GREENLAND,0,0,0,134,0,0,0,0,0,0,0,0,0,0,0,2,0
9/1/2010,GUAM,38,3355,8,1884,138,1099,549,6,0,454,263,0,26,1299,0,104,642
9/1/2010,GUATEMALA,5,1,0,0,0,0,0,0,0,0,0,0,2,1,0,0,0
9/1/2010,GUINEA,1,1,0,0,0,0,0,0,0,0,0,0,0,0,0,0,0
9/1/2010,GUYANA,1,1,0,0,0,0,0,0,0,0,0,0,0,0,0,0,0
9/1/2010,HAITI,5,0,0,2,1,0,0,0,0,0,0,0,0,4,0,0,0
9/1/2010,HONDURAS,205,1,0,185,0,0,0,1,0,0,0,0,23,0,0,0,0
9/1/2010,HONG KONG,1,10,0,3,1,0,0,0,0,0,0,0,0,0,0,0,0
9/1/2010,HUNGARY,2,0,0,48,0,0,0,0,0,0,0,0,2,0,0,1,0
9/1/2010,ICELAND,0,0,0,0,0,0,0,0,0,0,0,0,0,1,0,0,0
9/1/2010,INDIA,0,6,1,10,0,0,0,0,0,0,0,0,0,0,0,0,0
9/1/2010,INDONESIA,4,5,1,4,0,0,0,0,0,0,0,0,0,1,0,0,0
9/1/2010,IRAN,0,0,0,0,0,0,0,0,0,0,0,0,1,1,0,0,0
9/1/2010,IRAQ,35074,1398,341,1768,10,5416,3007,550,59,186,145,1,1532,66,12,46,130
9/1/2010,IRELAND,1,1,0,1,0,0,0,0,0,0,0,0,0,1,0,0,0
9/1/2010,ISRAEL,3,4,2,12,0,0,0,0,0,0,0,0,11,0,0,1,10
9/1/2010,ITALY,1024,3892,28,3890,2,0,0,70,0,0,43,0,570,820,0,176,878
9/1/2010,JAMAICA,0,1,1,0,2,0,0,0,0,0,0,0,2,0,0,0,0
9/1/2010,JAPAN,2515,18213,14371,11190,24,0,0,33,10,1,71,0,585,1644,626,869,3141
9/1/2010,JORDAN,24,6,0,12,0,1,2,0,0,1,0,0,3,1,0,1,0
9/1/2010,KAZAKHSTAN,3,11,288,9,0,0,0,0,1,1,0,0,0,0,0,0,1
9/1/2010,KENYA,4,14,1,4,0,1,0,1,0,0,0,0,2,1,0,0,0
9/1/2010,"KOREA, SOUTH",19375,319,118,8056,1,0,0,5,0,0,38,0,2058,29,5,196,947
9/1/2010,KOSOVO,29,4,0,19,0,735,57,0,0,4,22,0,6,1,0,0,2
9/1/2010,KUWAIT,13038,977,868,2694,7,5764,3427,1112,14,216,149,134,839,57,4,14,167
9/1/2010,KYRGYZSTAN,1931,152,1616,1784,0,390,257,7,9,272,100,0,8,0,0,10,0
9/1/2010,LAOS,2,1,0,3,0,0,0,0,0,0,0,0,0,2,0,0,0
9/1/2010,LATVIA,0,0,1,0,0,0,0,0,0,0,0,0,0,0,0,0,0
9/1/2010,LEBANON,6,0,0,2,0,0,0,0,0,0,0,0,0,0,0,0,0
9/1/2010,LIBERIA,1,0,1,3,1,9,0,0,0,0,0,0,0,0,0,0,0
9/1/2010,LIBYA,0,0,0,1,0,0,0,0,0,0,0,0,0,0,0,0,0
9/1/2010,LITHUANIA,1,3,0,0,0,0,0,0,0,0,0,0,0,0,0,0,0
9/1/2010,LUXEMBOURG,0,0,0,0,0,0,0,0,0,0,0,0,17,0,0,0,0
9/1/2010,MACEDONIA,2,0,0,3,0,0,0,0,0,0,0,0,0,0,0,0,0
9/1/2010,MADAGASCAR,0,2,0,1,0,0,0,0,0,0,0,0,0,0,0,0,0
9/1/2010,MALAYSIA,1,4,0,2,0,0,0,0,0,0,0,0,0,1,0,0,0
9/1/2010,MALI,2,0,0,2,0,0,0,0,0,0,0,0,0,0,0,0,0
9/1/2010,MALTA,1,2,0,1,1,0,0,0,0,0,0,0,0,1,0,0,0
9/1/2010,MARSHALL ISLANDS,6,0,0,0,0,0,0,0,0,0,0,0,45,0,0,0,0
9/1/2010,MEXICO,2,3,1,4,2,0,0,0,0,0,0,0,1,0,0,5,0
9/1/2010,MOLDOVA,0,0,0,1,0,0,0,0,0,0,0,0,0,0,0,0,0
9/1/2010,MONGOLIA,1,0,0,2,0,0,0,0,0,0,0,0,0,0,0,0,0
9/1/2010,MONTENEGRO,0,0,0,0,0,0,0,0,0,0,0,0,0,0,0,0,2
9/1/2010,MOROCCO,0,3,6,4,0,0,0,0,0,0,0,0,1,1,0,1,0
9/1/2010,MOZAMBIQUE,0,0,0,1,0,0,0,0,0,0,0,0,0,0,0,0,0
9/1/2010,NEPAL,1,0,1,0,0,0,0,0,0,0,0,0,0,0,0,0,0
9/1/2010,NETHERLANDS,183,21,5,196,28,0,0,0,0,0,0,0,111,0,0,2,126
9/1/2010,NETHERLANDS ANTILLES (1991 - 2010),0,0,0,12,1,0,0,0,0,0,0,0,1,1,0,1,0
9/1/2010,NEW ZEALAND,1,2,0,0,0,0,0,0,0,0,0,0,0,0,0,1,2
9/1/2010,NICARAGUA,8,12,189,0,0,0,0,4,21,0,0,0,13,0,1,3,0
9/1/2010,NIGER,1,0,0,1,0,0,0,0,0,0,0,0,0,0,0,0,0
9/1/2010,NIGERIA,1,0,1,4,0,0,0,0,0,0,0,0,0,0,0,0,0
9/1/2010,NORTHERN MARIANA ISLANDS,0,0,0,0,3,0,0,0,0,0,0,0,2,0,0,0,0
9/1/2010,NORWAY,17,11,4,36,0,0,0,0,0,0,0,0,1,2,0,3,0
9/1/2010,OMAN,8,2,3,409,0,0,0,0,0,7,26,0,0,0,0,2,0
9/1/2010,PAKISTAN,103,27,5,132,1,2,3,4,0,2,12,0,1,1,0,2,1
9/1/2010,PANAMA (1980 - PRESENT),5,8,0,0,1,0,0,0,0,0,0,0,5,1,0,1,0
9/1/2010,PARAGUAY,5,0,0,1,0,0,0,0,0,0,0,0,1,0,0,0,0
9/1/2010,PERU,8,14,2,6,0,0,0,0,0,0,0,0,4,3,0,1,0
9/1/2010,PHILIPPINES,206,178,63,98,1,34,4,18,0,0,1,0,0,10,0,3,0
9/1/2010,POLAND,4,2,2,10,0,0,0,0,0,1,0,0,2,0,0,1,0
9/1/2010,PORTUGAL,19,30,0,650,0,0,0,0,0,5,0,0,2,3,0,62,74
9/1/2010,PUERTO RICO,104,30,12,23,485,6356,4244,313,0,1238,1,53,1234,72,0,254,666
9/1/2010,QATAR,1545,534,16,9941,0,293,262,66,3,1602,727,0,55,2,1,60,7
9/1/2010,ROMANIA,1,1,0,5,0,0,0,0,0,0,0,0,22,0,0,1,0
9/1/2010,RUSSIA,5,6,0,8,0,0,0,0,0,0,1,0,0,0,0,0,4
9/1/2010,SAUDI ARABIA,117,19,8,181,0,0,14,0,0,168,3,0,150,1,0,10,16
9/1/2010,SENEGAL,1,3,0,0,0,0,0,0,0,0,0,0,0,1,0,0,2
9/1/2010,SEYCHELLES,0,4,0,0,0,0,0,14,0,0,0,0,0,1,0,0,0
9/1/2010,SIERRA LEONE,2,0,0,2,0,0,0,0,0,0,0,0,0,0,0,0,0
9/1/2010,SINGAPORE,7,121,68,20,0,0,0,0,0,0,0,0,0,109,0,0,12
9/1/2010,SLOVAKIA,0,0,0,3,0,0,0,0,0,0,0,0,0,0,0,0,0
9/1/2010,SLOVENIA,0,0,0,2,0,0,0,0,0,0,0,0,0,0,0,0,0
9/1/2010,SOMALIA,2,0,0,0,0,0,0,0,0,0,0,0,0,0,0,0,0
9/1/2010,SOUTH AFRICA,3,1,126,3,0,0,0,0,0,0,0,0,0,1,0,0,0
9/1/2010,SPAIN,60,871,33,432,0,0,0,2,0,33,2,0,5,198,0,14,123
9/1/2010,SPRATLY ISLANDS,0,0,0,0,91,0,0,0,0,0,0,0,0,0,0,0,0
9/1/2010,SRI LANKA,1,1,0,1,0,0,0,0,0,0,0,0,0,0,0,0,0
9/1/2010,SUDAN,1,0,0,1,0,0,0,0,0,0,0,0,0,0,0,0,0
9/1/2010,SURINAME,1,1,0,0,0,0,0,0,0,0,0,0,1,0,0,0,0
9/1/2010,SWEDEN,0,1,0,5,1,0,0,0,0,0,0,0,0,0,0,0,0
9/1/2010,SWITZERLAND,0,2,0,5,0,0,0,0,0,0,0,0,0,1,0,0,0
9/1/2010,SYRIA,3,0,0,0,0,0,0,0,0,0,0,0,0,0,0,0,0
9/1/2010,TAIWAN,0,2,1,5,0,0,0,0,0,0,0,0,0,0,0,0,4
9/1/2010,TAJIKISTAN,21,0,0,4,0,0,0,0,0,0,0,0,0,0,0,1,0
9/1/2010,TANZANIA,1,2,0,0,0,0,0,1,0,0,0,0,1,0,0,0,0
9/1/2010,THAILAND,12,10,156,23,0,0,0,0,0,0,0,0,1,9,0,2,0
9/1/2010,TIMOR-LESTE,0,0,0,0,0,0,0,0,0,0,0,0,0,0,0,1,0
9/1/2010,TRINIDAD AND TOBAGO,0,1,0,0,0,0,0,0,0,0,0,0,0,0,0,0,0
9/1/2010,TUNISIA,2,1,1,1,0,0,0,1,0,0,0,0,1,0,0,0,0
9/1/2010,TURKEY,49,7,1,1664,0,0,0,1,0,23,124,0,8,1,0,106,130
9/1/2010,TURKMENISTAN,0,0,0,6,0,0,0,0,0,0,0,0,0,0,0,0,0
9/1/2010,UGANDA,1,2,0,1,0,0,3,0,1,0,0,0,0,0,0,0,0
9/1/2010,UKRAINE,2,0,0,4,0,0,0,1,0,0,0,0,0,0,0,1,1
9/1/2010,UNION OF SOVIET SOCIALIST REPUBLICS,0,0,2,0,0,0,0,0,0,0,0,0,0,0,0,0,0
9/1/2010,UNITED ARAB EMIRATES,238,8,173,1008,0,0,0,12,0,15,20,0,7,6,0,10,4
9/1/2010,UNITED KINGDOM,333,364,63,8004,0,0,0,17,0,3,87,0,31,27,0,577,880
9/1/2010,URUGUAY,3,2,0,5,0,0,0,0,0,0,0,0,0,0,0,0,0
9/1/2010,UZBEKISTAN,2,1,0,2,0,0,1,0,0,0,1,0,0,0,0,0,1
9/1/2010,VENEZUELA,3,2,0,4,1,0,0,0,0,0,0,0,0,0,0,0,0
9/1/2010,VIETNAM,1,0,1,1,0,0,0,0,0,0,0,0,0,4,0,0,0
9/1/2010,"VIRGIN ISLANDS, U.S.",0,2,0,0,36,731,11,0,0,68,0,2,113,0,0,2,0
9/1/2010,WAKE ISLAND,0,0,0,4,0,0,0,0,0,0,0,0,0,0,0,0,0
9/1/2010,YEMEN,68,19,0,17,0,0,1,0,0,0,1,0,0,0,0,2,0
9/1/2010,ZAMBIA,1,0,0,3,0,0,0,0,0,0,0,0,0,0,0,0,0
9/1/2010,ZIMBABWE,1,0,0,0,0,0,0,0,0,0,0,0,0,0,0,0,0
9/1/2010,UNKNOWN,4492,13572,4091,594,4,1198,1042,1204,3120,1433,567,0,8,1,0,211,1
9/1/2011,ALABAMA,4954,141,175,2843,1042,10468,5910,347,660,2123,1330,163,20806,86,5,2589,3386
9/1/2011,ALASKA,8719,80,8,7018,1973,1875,400,86,64,2046,337,48,2581,29,0,2370,341
9/1/2011,ARIZONA,5189,336,3304,9525,23,4998,3066,832,543,2337,1300,1,4509,181,453,3243,1108
9/1/2011,ARKANSAS,125,12,147,4571,28,7253,2159,226,157,1843,190,1,2773,9,0,981,105
9/1/2011,ARMED FORCES EUROPE,0,0,0,0,0,0,1101,0,0,0,0,1,0,0,0,0,0
9/1/2011,ARMED FORCES PACIFIC,0,0,0,0,0,0,217,140,0,0,0,31,0,0,0,0,0
9/1/2011,CALIFORNIA,7767,63962,63593,17793,5210,15193,14773,8826,4611,4147,7809,1006,9512,31197,5074,11023,6494
9/1/2011,COLORADO,23192,671,252,8785,54,3869,3478,896,405,1530,2743,17,4395,64,3,6288,1346
9/1/2011,CONNECTICUT,94,5257,21,31,758,3499,1280,368,80,1083,4,112,491,1138,0,232,620
9/1/2011,DELAWARE,42,14,12,3088,33,1336,453,114,155,967,1718,8,244,1,2,1339,71
9/1/2011,DISTRICT OF COLUMBIA,1847,2757,2392,2276,1514,1330,1273,145,454,1243,380,100,1649,10168,55,504,833
9/1/2011,FLORIDA,5361,24510,3805,19872,4921,9979,9575,5904,1366,1904,6098,976,4074,11945,231,12039,2091
9/1/2011,GEORGIA,56271,5429,1354,7752,533,10444,7890,1630,1067,2673,3351,128,12923,2227,2407,16623,2952
9/1/2011,HAWAII,18483,13563,4928,4670,1347,2944,2531,736,96,2265,694,136,5766,9865,690,1808,1069
9/1/2011,IDAHO,48,36,22,3147,6,3206,641,162,103,1312,25,0,617,54,0,636,60
9/1/2011,ILLINOIS,903,12315,252,4337,154,9731,6037,2663,1180,2835,1459,83,8056,1370,4,3916,1204
9/1/2011,INDIANA,464,83,164,72,44,12252,3382,457,608,1702,1491,7,1892,3507,244,874,4442
9/1/2011,IOWA,95,16,96,35,32,7309,2384,152,143,1910,0,0,967,6,2,513,45
9/1/2011,KANSAS,16285,92,70,2620,111,4376,2734,174,167,2019,643,24,6315,4,1,1121,395
9/1/2011,KENTUCKY,35024,11,102,185,148,5924,4231,253,196,1166,2,67,9349,21,3,270,960
9/1/2011,LOUISIANA,6312,475,948,5481,1312,9067,2315,1483,4199,1425,1910,216,3969,609,246,1619,294
9/1/2011,MAINE,60,86,18,9,517,2022,545,110,147,1035,0,95,350,5398,0,234,795
9/1/2011,MARYLAND,8253,9172,1514,7383,828,4045,5179,3322,380,1652,1799,191,18702,15564,33,2910,8430
9/1/2011,MASSACHUSETTS,299,352,204,1179,1722,5627,3305,395,623,1999,2711,483,2572,138,5,3153,850
9/1/2011,MICHIGAN,349,242,287,90,1172,8410,3486,1104,1043,2326,0,182,7188,35,5,809,1567
9/1/2011,MINNESOTA,264,158,135,44,143,8228,3296,727,400,2189,1514,30,1320,22,3,731,178
9/1/2011,MISSISSIPPI,413,5165,452,6491,325,9135,2146,918,141,2319,1636,173,3507,2563,1,2453,337
9/1/2011,MISSOURI,9415,333,1336,3850,199,8202,5106,1309,802,2362,1032,109,6363,67,100,1223,664
9/1/2011,MONTANA,56,4,7,3053,1,2697,773,136,63,1034,33,0,478,3,0,892,46
9/1/2011,NEBRASKA,171,406,53,4875,19,3297,1426,367,139,936,262,0,1364,16,4,2627,110
9/1/2011,NEVADA,196,986,41,8888,5,2865,1012,453,214,1025,749,1,437,322,1,1378,153
9/1/2011,NEW HAMPSHIRE,46,815,94,125,383,1769,809,241,44,961,3,16,498,9,2,274,161
9/1/2011,NEW JERSEY,611,433,335,4100,1711,6016,3755,1429,1072,2374,2400,171,5864,2045,8,2143,683
9/1/2011,NEW MEXICO,846,86,83,10727,5,2544,802,291,78,840,438,0,2810,60,1,3942,447
9/1/2011,NEW YORK,15293,1748,756,307,1145,10259,8564,1884,1962,5392,1339,525,7374,123,27,2303,2089
9/1/2011,NORTH CAROLINA,38638,4030,46325,5908,1608,9867,7006,1175,776,1422,2490,208,10342,4339,3292,1318,2542
9/1/2011,NORTH DAKOTA,26,5,8,6432,0,3349,251,100,55,965,23,0,517,3,0,1111,79
9/1/2011,OHIO,423,305,219,5262,424,11148,5234,1374,922,4444,3842,265,1550,99,4,14488,9784
9/1/2011,OKLAHOMA,11778,1378,388,7597,45,4543,2560,568,315,2130,1599,2,5840,90,6,16520,1562
9/1/2011,OREGON,111,164,128,49,1056,6419,544,606,295,2160,116,132,2462,26,1,565,21
9/1/2011,PENNSYLVANIA,905,667,427,218,349,14890,7884,1099,1353,3875,1361,164,9608,6184,19,1092,8806
9/1/2011,RHODE ISLAND,141,2084,202,66,324,1862,449,831,96,1019,1,60,202,3826,2,177,109
9/1/2011,SOUTH CAROLINA,8771,6936,10912,7530,808,8949,4225,657,449,1326,2366,170,3735,2956,763,2328,787
9/1/2011,SOUTH DAKOTA,49,3,0,2968,0,3086,455,146,0,1039,29,0,459,2,1,815,47
9/1/2011,TENNESSEE,309,1558,155,176,176,10032,3811,1429,767,3335,8,68,3732,1197,3,1204,879
9/1/2011,TEXAS,61016,6370,1894,34190,1749,18665,16932,5814,3177,2855,5686,386,28578,1422,25,16822,3745
9/1/2011,UTAH,207,25,107,3601,4,5262,3124,401,249,1357,1283,0,2405,44,1,11588,1053
9/1/2011,VERMONT,39,4,16,24,27,2731,214,51,0,1043,0,10,294,3,0,235,26
9/1/2011,VIRGINIA,22831,68068,11013,12062,4338,6583,6774,5214,1328,1372,1536,580,20929,39007,4866,6462,21945
9/1/2011,WASHINGTON,29594,20799,657,5737,2144,5917,5597,2256,487,2046,2130,475,10304,16083,3,1669,1181
9/1/2011,WEST VIRGINIA,55,204,97,46,79,3962,1983,119,71,2300,0,23,1219,93,0,538,13
9/1/2011,WISCONSIN,255,53,126,61,316,7400,4354,527,528,2245,0,86,2020,33,3,492,121
9/1/2011,WYOMING,32,0,0,3019,0,1698,63,74,10,1169,40,0,270,1,0,839,40
9/1/2011,UNKNOWN,13,0,0,1022,64,0,0,0,0,0,1,0,0,0,0,0,0
9/1/2011,AFGHANISTAN,55442,4386,19036,3310,3,8450,4457,1079,2133,773,297,0,2229,142,57,81,202
9/1/2011,ALGERIA,3,0,0,2,0,0,0,0,0,0,0,0,0,0,0,0,1
9/1/2011,AMERICAN SAMOA,0,0,0,0,2,0,293,0,0,0,0,1,8,0,0,0,0
9/1/2011,ANTIGUA AND BARBUDA,0,0,0,3,0,0,0,0,0,0,0,0,0,0,0,0,0
9/1/2011,ARGENTINA,4,6,2,10,0,0,0,0,0,0,0,0,3,0,0,0,0
9/1/2011,ARMENIA,2,0,1,1,0,0,0,0,0,0,0,0,0,0,0,0,0
9/1/2011,AUSTRALIA,27,75,13,61,0,0,0,0,0,0,0,0,5,2,0,4,3
9/1/2011,AUSTRIA,3,0,0,3,0,0,0,0,0,0,0,0,0,1,0,0,0
9/1/2011,AZERBAIJAN,3,1,1,3,0,0,0,0,0,0,0,0,0,0,0,1,0
9/1/2011,"BAHAMAS, THE",1,40,0,0,0,0,0,0,0,0,0,0,0,4,0,0,0
9/1/2011,BAHRAIN,313,3781,175,105,249,0,10,267,57,23,15,0,16,222,0,1,119
9/1/2011,BANGLADESH,2,0,0,0,0,0,0,0,0,0,0,0,0,0,0,0,0
9/1/2011,BARBADOS,2,0,0,1,3,0,0,0,0,0,0,0,0,1,0,0,0
9/1/2011,BELGIUM,630,102,15,429,0,0,0,2,0,0,5,0,367,1,0,7,271
9/1/2011,BELIZE,2,1,0,0,0,0,0,0,0,0,0,0,0,0,0,0,0
9/1/2011,BOLIVIA,5,0,0,2,0,0,0,0,0,0,0,0,0,0,0,0,0
9/1/2011,BOSNIA AND HERZEGOVINA,1,0,0,2,0,0,0,0,0,0,0,0,1,0,0,0,0
9/1/2011,BOTSWANA,2,0,0,1,0,0,0,0,0,0,0,0,0,0,0,0,0
9/1/2011,BRAZIL,8,7,0,8,0,0,0,1,0,0,0,0,7,1,0,0,0
9/1/2011,BRITISH ATLANTIC OCEAN TERRITORY,0,0,0,4,0,0,0,0,0,0,0,0,0,0,0,0,0
9/1/2011,BRITISH INDIAN OCEAN TERRITORY,0,431,0,37,0,0,0,3,0,0,0,0,0,6,0,0,0
9/1/2011,BULGARIA,3,2,0,4,0,0,0,0,0,0,0,0,3,0,0,1,0
9/1/2011,BURKINA FASO,0,0,0,5,0,0,0,0,0,0,1,0,0,0,0,0,0
9/1/2011,BURMA,3,0,0,1,0,0,0,0,0,0,0,0,0,0,0,0,0
9/1/2011,BURUNDI,0,0,0,2,0,0,0,0,0,0,0,0,0,0,0,0,0
9/1/2011,CAMBODIA,7,3,0,0,0,0,0,0,0,0,0,0,0,0,0,1,0
9/1/2011,CAMEROON,1,1,0,0,0,0,0,0,0,0,0,0,0,1,0,0,0
9/1/2011,CANADA,7,38,0,83,2,0,0,0,0,0,0,0,0,4,0,3,23
9/1/2011,CHAD,5,0,0,0,0,0,0,0,0,0,0,0,0,0,0,0,0
9/1/2011,CHILE,6,9,0,9,0,0,0,0,0,0,0,0,4,3,0,3,0
9/1/2011,CHINA,6,5,1,8,0,0,0,0,0,0,0,0,0,0,0,0,0
9/1/2011,COLOMBIA,34,4,3,13,4,0,0,0,0,0,0,0,21,2,0,1,0
9/1/2011,COMOROS,0,2,0,0,0,0,3,0,0,0,0,0,0,0,0,0,0
9/1/2011,CONGO (BRAZZAVILLE),1,0,0,0,0,0,0,0,0,0,0,0,0,0,0,0,0
9/1/2011,CONGO (KINSHASA),2,0,0,1,0,0,0,0,0,0,0,0,0,0,0,0,0
9/1/2011,COSTA RICA,1,1,0,0,1,0,0,0,0,0,0,0,3,0,0,0,0
9/1/2011,COTE DIVOIRE,3,0,0,0,0,0,0,0,0,0,0,0,0,0,0,0,0
9/1/2011,CROATIA,3,1,1,1,0,0,0,0,0,0,0,0,1,0,0,0,0
9/1/2011,CUBA,338,485,19,0,1,0,0,46,0,0,0,19,10,176,0,1,58
9/1/2011,CYPRUS,2,0,0,11,0,0,0,0,0,0,0,0,2,0,0,0,0
9/1/2011,CZECH REPUBLIC,4,0,0,4,0,0,0,0,0,0,0,0,0,2,0,0,0
9/1/2011,DENMARK,2,4,0,4,0,0,0,0,0,0,0,0,0,0,0,0,0
9/1/2011,DJIBOUTI,98,677,12,622,8,539,92,108,0,16,12,0,6,19,0,6,0
9/1/2011,DOMINICAN REPUBLIC,2,1,2,2,2,0,0,0,0,0,0,0,4,0,0,0,0
9/1/2011,ECUADOR,10,2,1,4,0,0,0,0,0,0,0,0,4,1,0,1,0
9/1/2011,EGYPT,189,17,1,23,0,0,0,0,0,1,0,0,12,8,0,14,4
9/1/2011,EL SALVADOR,7,17,1,2,0,0,0,5,0,0,0,0,5,1,0,0,0
9/1/2011,ESTONIA,1,2,0,0,0,0,0,0,0,0,0,0,0,0,0,0,0
9/1/2011,ETHIOPIA,3,35,1,59,0,24,14,1,0,2,1,0,1,0,0,1,1
9/1/2011,FIJI,0,3,0,0,0,0,0,0,0,0,0,0,0,0,0,0,0
9/1/2011,FINLAND,2,2,0,3,0,0,0,0,0,0,0,0,0,0,0,0,0
9/1/2011,FRANCE,19,13,2,24,0,0,0,0,0,0,0,0,4,3,0,1,0
9/1/2011,GABON,1,0,0,2,0,0,0,0,0,0,0,0,0,0,0,0,0
9/1/2011,GEORGIA,5,0,1,0,0,0,0,0,0,0,0,0,3,0,0,1,0
9/1/2011,GERMANY,28933,504,808,13139,9,48,14,142,6,49,394,0,7565,78,19,1275,5570
9/1/2011,"GERMANY, FEDERAL REPUBLIC OF",0,0,0,0,1,0,0,0,0,0,0,0,0,0,0,0,0
9/1/2011,GHANA,2,3,3,2,0,0,0,0,0,0,0,0,0,1,0,0,0
9/1/2011,GIBRALTAR,0,5,0,0,0,0,0,0,0,0,0,0,0,0,0,0,0
9/1/2011,GREECE,10,331,0,36,1,0,0,0,0,0,0,0,4,68,0,0,0
9/1/2011,GREENLAND,0,0,0,144,0,0,0,0,0,0,0,0,0,0,0,2,0
9/1/2011,GUAM,60,3337,14,1920,139,1207,559,4,0,421,257,0,54,1384,0,120,647
9/1/2011,GUATEMALA,6,1,0,1,0,0,0,0,0,0,0,0,1,1,0,0,0
9/1/2011,GUINEA,2,0,0,0,0,0,0,0,0,0,0,0,0,0,0,0,0
9/1/2011,GUYANA,1,1,0,0,0,0,0,0,0,0,0,0,0,0,0,0,0
9/1/2011,HAITI,7,0,0,0,3,0,0,0,0,0,0,0,1,4,0,0,0
9/1/2011,HONDURAS,204,2,0,150,0,0,0,0,0,0,0,0,25,0,0,0,0
9/1/2011,HONG KONG,3,10,0,4,1,0,0,0,0,0,0,0,0,0,0,0,0
9/1/2011,HUNGARY,5,0,0,52,0,0,0,0,0,0,0,0,2,0,0,1,0
9/1/2011,ICELAND,0,0,0,0,0,0,0,0,0,0,0,0,0,1,0,0,0
9/1/2011,INDIA,5,7,1,7,0,0,0,0,0,0,0,0,0,0,0,0,0
9/1/2011,INDONESIA,7,5,1,4,0,0,0,0,0,0,0,1,1,0,0,0,0
9/1/2011,IRAN,0,0,0,0,0,0,0,0,0,0,0,0,1,2,0,0,0
9/1/2011,IRAQ,26872,721,18,1058,6,6888,2617,235,0,119,69,0,1102,59,10,53,109
9/1/2011,IRELAND,1,0,0,1,0,0,0,0,0,0,0,0,0,0,0,0,0
9/1/2011,ISRAEL,6,3,2,17,0,0,0,0,0,0,0,0,9,0,0,1,9
9/1/2011,ITALY,3174,3510,34,3731,2,0,0,62,0,0,40,0,613,836,0,184,906
9/1/2011,JAMAICA,1,1,1,0,2,0,0,0,0,0,0,0,2,0,0,0,0
9/1/2011,JAPAN,2492,18271,15751,11695,26,0,0,43,9,0,91,0,624,1745,581,822,3128
9/1/2011,JORDAN,170,3,6,13,3,1,1,2,17,0,2,0,6,3,0,1,0
9/1/2011,KAZAKHSTAN,5,0,0,4,0,0,0,0,0,0,0,0,0,0,0,0,1
9/1/2011,KENYA,12,41,1,8,0,34,11,8,0,0,0,0,2,3,0,0,0
9/1/2011,"KOREA, SOUTH",19974,325,118,7853,1,0,0,6,0,0,45,0,2073,32,5,209,1047
9/1/2011,KOSOVO,33,8,1,26,0,675,63,0,0,0,1,0,5,1,0,0,3
9/1/2011,KUWAIT,12645,811,39,3364,22,7546,3252,672,19,265,234,124,692,10,10,14,164
9/1/2011,KYRGYZSTAN,3504,97,557,6036,0,556,196,14,3,736,436,0,16,2,0,20,1
9/1/2011,LAOS,3,1,0,3,0,0,0,0,0,0,0,0,0,2,0,0,0
9/1/2011,LATVIA,0,0,1,2,0,0,0,0,0,0,0,0,0,0,0,0,0
9/1/2011,LEBANON,5,0,0,2,0,0,2,0,0,0,0,0,0,0,0,0,0
9/1/2011,LIBERIA,5,0,1,1,1,9,0,0,0,0,0,0,0,0,0,0,0
9/1/2011,LIBYA,0,1,0,1,0,0,0,0,0,0,0,0,0,0,0,0,0
9/1/2011,LITHUANIA,1,2,0,0,0,0,0,0,0,0,0,0,0,0,0,0,0
9/1/2011,LUXEMBOURG,0,0,0,0,0,0,0,0,0,0,0,0,19,0,0,0,0
9/1/2011,MACEDONIA,4,0,0,2,0,0,0,0,0,0,0,0,0,0,0,0,0
9/1/2011,MADAGASCAR,0,2,0,1,0,0,0,0,0,0,0,0,0,0,0,0,0
9/1/2011,MALAYSIA,3,3,0,3,0,0,0,0,0,0,0,0,0,1,0,0,0
9/1/2011,MALI,2,0,0,1,0,0,0,0,0,1,0,0,0,0,0,0,0
9/1/2011,MALTA,1,1,0,1,1,0,0,0,0,0,0,0,0,1,0,0,0
9/1/2011,MARSHALL ISLANDS,18,0,0,0,0,0,0,0,0,0,0,0,42,0,0,0,0
9/1/2011,MAURITIUS,0,0,0,0,0,0,0,1,0,0,0,0,0,1,0,0,0
9/1/2011,MEXICO,9,3,1,3,2,0,0,0,0,0,0,0,6,0,0,4,0
9/1/2011,MOLDOVA,0,0,0,1,0,0,0,0,0,0,0,0,0,0,0,0,0
9/1/2011,MONGOLIA,3,0,0,1,0,0,0,0,0,0,0,0,0,0,0,0,0
9/1/2011,MONTENEGRO,0,0,0,0,0,0,0,0,0,0,0,0,0,0,0,0,2
9/1/2011,MOROCCO,1,2,7,4,0,0,0,0,0,2,0,0,1,1,0,1,0
9/1/2011,MOZAMBIQUE,0,0,0,1,0,0,0,0,0,0,0,0,0,0,0,0,0
9/1/2011,NEPAL,3,0,1,0,0,0,0,0,0,0,0,0,0,0,0,0,0
9/1/2011,NETHERLANDS,174,15,4,191,23,0,0,0,0,0,0,0,100,0,0,2,122
9/1/2011,NETHERLANDS ANTILLES (1991 - 2010),0,0,0,13,1,0,0,0,0,0,0,0,1,1,0,1,0
9/1/2011,NEW ZEALAND,2,1,0,1,0,0,0,0,0,0,0,0,0,0,0,1,2
9/1/2011,NICARAGUA,8,0,1,1,0,0,0,0,0,0,0,0,15,0,1,4,2
9/1/2011,NIGER,1,0,0,2,0,0,0,0,0,0,0,0,0,0,0,0,0
9/1/2011,NIGERIA,4,0,0,2,0,0,0,0,0,0,0,0,0,0,0,0,0
9/1/2011,NORTHERN MARIANA ISLANDS,0,0,0,0,3,0,0,0,0,0,0,0,2,0,0,0,0
9/1/2011,NORWAY,27,11,4,38,0,0,0,0,0,0,0,0,1,2,0,2,0
9/1/2011,OMAN,7,2,4,249,0,0,3,1,0,3,12,0,4,0,0,3,0
9/1/2011,PAKISTAN,32,15,0,74,0,0,0,2,0,0,1,0,3,0,0,2,2
9/1/2011,PANAMA (1980 - PRESENT),11,8,0,1,1,0,0,0,0,0,1,0,3,1,0,1,0
9/1/2011,PARAGUAY,5,0,1,1,0,0,0,0,0,0,0,0,2,0,0,0,0
9/1/2011,PERU,11,16,2,5,0,0,0,3,0,0,0,0,4,3,0,1,0
9/1/2011,PHILIPPINES,210,261,4,76,0,0,0,2,0,0,2,0,1,10,0,2,0
9/1/2011,POLAND,13,2,2,16,0,0,0,0,0,1,0,0,4,0,0,1,0
9/1/2011,PORTUGAL,18,25,0,666,0,0,0,0,0,0,1,0,3,1,0,60,77
9/1/2011,PUERTO RICO,101,28,9,25,517,6960,4421,286,0,1211,1,52,1217,64,0,230,661
9/1/2011,QATAR,1613,493,29,9677,0,488,212,60,3,1269,650,0,60,2,1,63,8
9/1/2011,ROMANIA,4,1,0,6,0,0,0,0,0,0,0,0,14,0,0,1,0
9/1/2011,RUSSIA,10,8,0,6,0,0,0,0,0,0,1,0,0,0,0,0,2
9/1/2011,RWANDA,1,0,0,0,0,2,0,0,0,0,0,0,0,0,0,0,0
9/1/2011,SAUDI ARABIA,154,25,11,333,1,2,16,0,0,10,4,0,144,1,0,9,19
9/1/2011,SENEGAL,2,3,1,0,0,0,0,0,0,0,0,0,0,1,0,0,2
9/1/2011,SEYCHELLES,0,0,0,25,0,0,0,0,0,1,1,0,0,1,0,0,0
9/1/2011,SIERRA LEONE,1,0,0,1,0,0,0,0,0,0,0,0,0,0,0,0,0
9/1/2011,SINGAPORE,7,112,74,13,0,0,0,3,0,0,0,0,1,118,0,0,9
9/1/2011,SLOVAKIA,1,0,0,3,0,0,0,0,0,0,0,0,0,0,0,0,0
9/1/2011,SLOVENIA,0,0,0,3,0,0,0,0,0,0,0,0,0,0,0,0,0
9/1/2011,SOMALIA,2,175,0,1,0,0,0,4,0,0,0,0,0,0,0,0,0
9/1/2011,SOUTH AFRICA,5,2,116,2,0,0,0,0,0,0,0,0,0,1,0,0,0
9/1/2011,SPAIN,96,1074,33,388,0,0,0,2,0,53,7,0,4,193,0,38,140
9/1/2011,SPRATLY ISLANDS,0,0,0,0,2,0,0,0,0,0,0,0,0,0,0,0,0
9/1/2011,SRI LANKA,3,1,0,0,0,0,0,0,0,0,0,0,0,0,0,0,0
9/1/2011,SUDAN,0,0,0,1,0,0,0,0,0,0,0,0,0,0,0,0,0
9/1/2011,SURINAME,1,1,0,1,0,0,0,0,0,0,0,0,1,0,0,0,0
9/1/2011,SWEDEN,0,1,0,3,2,0,0,0,0,0,0,0,0,0,0,0,0
9/1/2011,SWITZERLAND,2,2,0,3,0,0,0,0,0,0,0,0,0,1,0,0,0
9/1/2011,SYRIA,3,0,0,0,0,0,0,0,0,0,0,0,0,0,0,0,0
9/1/2011,TAIWAN,0,2,1,5,0,0,0,0,0,0,0,0,0,0,0,0,3
9/1/2011,TAJIKISTAN,14,1,0,3,0,24,0,1,0,0,0,0,1,0,0,1,0
9/1/2011,TANZANIA,5,4,0,0,0,0,0,3,0,0,0,0,1,0,0,0,0
9/1/2011,THAILAND,40,8,161,24,0,0,0,0,0,0,0,0,2,10,0,2,0
9/1/2011,TIMOR-LESTE,0,0,0,0,0,0,0,0,0,0,0,0,0,0,0,1,0
9/1/2011,TRINIDAD AND TOBAGO,0,1,0,0,0,0,0,0,0,0,0,0,0,0,0,0,0
9/1/2011,TRUCIAL STATES,0,0,0,0,1,0,0,0,0,0,0,4,0,0,0,0,0
9/1/2011,TUNISIA,4,1,1,1,0,0,0,1,0,0,0,0,1,0,0,0,0
9/1/2011,TURKEY,53,26,1,1571,0,0,0,1,0,11,116,0,8,1,0,105,143
9/1/2011,TURKMENISTAN,0,0,0,9,0,0,0,0,0,0,1,0,0,0,0,0,0
9/1/2011,UGANDA,9,6,0,8,0,10,9,2,0,0,0,0,0,0,0,0,0
9/1/2011,UKRAINE,9,1,0,6,0,0,0,1,0,0,0,0,0,0,0,1,1
9/1/2011,UNION OF SOVIET SOCIALIST REPUBLICS,0,0,2,0,0,0,0,0,0,0,0,0,0,0,0,0,0
9/1/2011,UNITED ARAB EMIRATES,157,10,145,1539,0,0,0,9,0,38,77,0,8,8,0,10,4
9/1/2011,UNITED KINGDOM,328,316,52,7977,0,0,0,20,0,1,90,0,31,27,0,581,875
9/1/2011,URUGUAY,4,3,0,3,0,0,0,0,0,0,0,0,0,0,0,0,0
9/1/2011,UZBEKISTAN,3,0,0,2,0,0,0,0,0,0,1,0,0,0,0,0,0
9/1/2011,VENEZUELA,2,2,0,3,1,0,0,0,0,0,0,0,1,0,0,0,0
9/1/2011,VIETNAM,6,1,1,2,0,0,0,0,0,0,0,0,0,4,0,0,0
9/1/2011,"VIRGIN ISLANDS, U.S.",0,1,0,0,31,768,13,0,0,64,0,2,114,0,0,0,0
9/1/2011,WAKE ISLAND,0,0,0,4,0,0,0,0,0,0,0,0,0,0,0,0,0
9/1/2011,YEMEN,13,14,1,2,0,0,0,0,0,0,0,0,3,0,0,0,0
9/1/2011,ZAMBIA,1,0,0,2,0,0,0,0,0,0,0,0,0,0,0,0,0
9/1/2011,ZIMBABWE,2,0,0,0,0,0,0,0,0,0,0,0,0,0,0,0,0
9/1/2011,UNKNOWN,211,16897,4079,482,4,798,1051,969,3286,1539,544,0,7,0,0,219,0
